defined_class	Marker_set_of	Markers	Markers_label	Species_abbv	Brain_region	Parent	FBeta_confidence_score	Algorithm	Source	Reference	precision	recall	Cell_label	Labelset	Atlas_url	Atlas_url_label
http://purl.obolibrary.org/obo/PCL_0160949	STRd D1 Matrix MSN	NCBIGene:1812|NCBIGene:29091	DRD1, STXBP6	Primate	DHBA:10332	SO:0001260			CAS evidence				STRd D1 Matrix MSN	Group	https://dev-knowledge.brain-map.org/abcatlas#AQQBTlhKOU5aQVFBNU1FSFFOT1dKUQACVEdCUTJGRVYyN04wQ1BMS1ZBWgADBQFFM0hHQllIUkM5OEdBNkZXOUY2AAIAAAEzWEJPRkJSMzAyRVlDMFVRRDUxAAIAAAFTUTZXSk8wR05VSkdGVThMSFZWAAIAAAFISzE0TzFBU0FOUFlIT05GTExRAAIBU1RSZCBEMSBNYXRyaXggTVNOAAABNkVXQlNFSjRZRlZHS0kyQVBCTAACAAAEAQAChMpFmYR%2BVoYDhQxy%2FoU8XEUEV01QOE5NSjVEOFhPMUFPSTFMOQAFg2xvMYI24kGDwAnEgzgCUgAFAgFEUkQxAAABU1RYQlA2AAAGAQECSEsxNE8xQVNBTlBZSE9ORkxMUQADfgAAAAQAAAhJQTZZNlNON1FaU0lFSjBGWjBVAAlQT1oySENQQlQ2MERTREo4VUE3AAoACwE3NDE2QjVYSkRTWTBIREY5M1JPAAJDUkVIUkNLMllYUldKSzJKMEFMAAMBBAEAAiMwMDAwMDAAA8gBAAUBAQIjMDAwMDAwAAPIAQAAAAFWTTRFNko5RFBZWUQ3RTBCSE5CAAJLR1pMQVdJUENSNFc5OEY1TEQ2AAMFAUUzSEdCWUhSQzk4R0E2Rlc5RjYAAgAAATNYQk9GQlIzMDJFWUMwVVFENTEAAgAAAVNRNldKTzBHTlVKR0ZVOExIVlYAAgAAAUhLMTRPMUFTQU5QWUhPTkZMTFEAAgFTVFJkIEQxIE1hdHJpeCBNU04AAAE2RVdCU0VKNFlGVkdLSTJBUEJMAAIAAAQBAAKF%2FlmIhY7XHwOGCqZOhfScqgRXTVA4Tk1KNUQ4WE8xQU9JMUw5AAWEFMQWg4zFUoRiab%2BEtOdLBgAHAAAFAgFEUkQxAAABU1RYQlA2AAAGAQECSEsxNE8xQVNBTlBZSE9ORkxMUQADfgAAAAQAAAg5QVVURTlTMTBLQUVDMlVaTzMxAAlQT1oySENQQlQ2MERTREo4VUE3AAoACwFZM1AxSk0xRU5DR1dFVzhVU1RWAAJDUkVIUkNLMllYUldKSzJKMEFMAAMBBAEAAiMwMDAwMDAAA8gBAAUBAQIjMDAwMDAwAAPIAQAAAAEzQ1BJUDI4MDRTQkRYMURYMVJXAAJTNUtRVEZIQ1JLSFZaVlJSNUhSAAMFAUUzSEdCWUhSQzk4R0E2Rlc5RjYAAgAAATNYQk9GQlIzMDJFWUMwVVFENTEAAgAAAVNRNldKTzBHTlVKR0ZVOExIVlYAAgAAAUhLMTRPMUFTQU5QWUhPTkZMTFEAAgFTVFJkIEQxIE1hdHJpeCBNU04AAAE2RVdCU0VKNFlGVkdLSTJBUEJMAAIAAAQBAAKF5uKGhpZBIAOHaGEyhqCThgRXTVA4Tk1KNUQ4WE8xQU9JMUw5AAWB2KHrhLYRmYTalF2FAoaGBgAHAAAFAgFEUkQxAAABU1RYQlA2AAAGAQECSEsxNE8xQVNBTlBZSE9ORkxMUQADfgAAAAQAAAhIWkVZWFNRT0VETkQyUTZNOTdNAAlQT1oySENQQlQ2MERTREo4VUE3AAoACwE2VDk2MjYwMTI2VFY0S0xHRFhHAAJDUkVIUkNLMllYUldKSzJKMEFMAAMBBAEAAiMwMDAwMDAAA8gBAAUBAQIjMDAwMDAwAAPIAQAAAAFFSVVBTFBZTkdaNVZVN1kyWTAyAAJRWlEyUUJNVTRUNUk0N0QxSzRGAAMFAUUzSEdCWUhSQzk4R0E2Rlc5RjYAAgAAATNYQk9GQlIzMDJFWUMwVVFENTEAAgAAAVNRNldKTzBHTlVKR0ZVOExIVlYAAgAAAUhLMTRPMUFTQU5QWUhPTkZMTFEAAgFTVFJkIEQxIE1hdHJpeCBNU04AAAE2RVdCU0VKNFlGVkdLSTJBUEJMAAIAAAQBAQKBItJbgQi1PgOEXt1mg%2Bp7yQAFAgFEUkQxAAABU1RYQlA2AAAGAQECSEsxNE8xQVNBTlBZSE9ORkxMUQADfgAAAAQAAAhGVExBVU9WNlNMQjA3MVNWTlU5AAlQT1oySENQQlQ2MERTREo4VUE3AAoACwFub25lAAJub25lAAMBBAEAAiMwMDAwMDAAA8gBAAUBAQIjMDAwMDAwAAPIAQAAAAIIAA%3D%3D	markers in reference data on Allen Brain Cell Atlas
http://purl.obolibrary.org/obo/PCL_0160950	STRd D1 Striosome MSN	NCBIGene:1812|NCBIGene:30820	DRD1, KCNIP1	Primate	DHBA:10332	SO:0001260			CAS evidence				STRd D1 Striosome MSN	Group	https://dev-knowledge.brain-map.org/abcatlas#AQQBTlhKOU5aQVFBNU1FSFFOT1dKUQACVEdCUTJGRVYyN04wQ1BMS1ZBWgADBQFFM0hHQllIUkM5OEdBNkZXOUY2AAIAAAEzWEJPRkJSMzAyRVlDMFVRRDUxAAIAAAFTUTZXSk8wR05VSkdGVThMSFZWAAIAAAFISzE0TzFBU0FOUFlIT05GTExRAAIBU1RSZCBEMSBTdHJpb3NvbWUgTVNOAAABNkVXQlNFSjRZRlZHS0kyQVBCTAACAAAEAQAChMpFmYR%2BVoYDhQxy%2FoU8XEUEV01QOE5NSjVEOFhPMUFPSTFMOQAFg2xvMYI24kGDwAnEgzgCUgAFAgFEUkQxAAABS0NOSVAxAAAGAQECSEsxNE8xQVNBTlBZSE9ORkxMUQADfgAAAAQAAAhJQTZZNlNON1FaU0lFSjBGWjBVAAlQT1oySENQQlQ2MERTREo4VUE3AAoACwE3NDE2QjVYSkRTWTBIREY5M1JPAAJDUkVIUkNLMllYUldKSzJKMEFMAAMBBAEAAiMwMDAwMDAAA8gBAAUBAQIjMDAwMDAwAAPIAQAAAAFWTTRFNko5RFBZWUQ3RTBCSE5CAAJLR1pMQVdJUENSNFc5OEY1TEQ2AAMFAUUzSEdCWUhSQzk4R0E2Rlc5RjYAAgAAATNYQk9GQlIzMDJFWUMwVVFENTEAAgAAAVNRNldKTzBHTlVKR0ZVOExIVlYAAgAAAUhLMTRPMUFTQU5QWUhPTkZMTFEAAgFTVFJkIEQxIFN0cmlvc29tZSBNU04AAAE2RVdCU0VKNFlGVkdLSTJBUEJMAAIAAAQBAAKF%2FlmIhY7XHwOGCqZOhfScqgRXTVA4Tk1KNUQ4WE8xQU9JMUw5AAWEFMQWg4zFUoRiab%2BEtOdLBgAHAAAFAgFEUkQxAAABS0NOSVAxAAAGAQECSEsxNE8xQVNBTlBZSE9ORkxMUQADfgAAAAQAAAg5QVVURTlTMTBLQUVDMlVaTzMxAAlQT1oySENQQlQ2MERTREo4VUE3AAoACwFZM1AxSk0xRU5DR1dFVzhVU1RWAAJDUkVIUkNLMllYUldKSzJKMEFMAAMBBAEAAiMwMDAwMDAAA8gBAAUBAQIjMDAwMDAwAAPIAQAAAAEzQ1BJUDI4MDRTQkRYMURYMVJXAAJTNUtRVEZIQ1JLSFZaVlJSNUhSAAMFAUUzSEdCWUhSQzk4R0E2Rlc5RjYAAgAAATNYQk9GQlIzMDJFWUMwVVFENTEAAgAAAVNRNldKTzBHTlVKR0ZVOExIVlYAAgAAAUhLMTRPMUFTQU5QWUhPTkZMTFEAAgFTVFJkIEQxIFN0cmlvc29tZSBNU04AAAE2RVdCU0VKNFlGVkdLSTJBUEJMAAIAAAQBAAKF5uKGhpZBIAOHaGEyhqCThgRXTVA4Tk1KNUQ4WE8xQU9JMUw5AAWB2KHrhLYRmYTalF2FAoaGBgAHAAAFAgFEUkQxAAABS0NOSVAxAAAGAQECSEsxNE8xQVNBTlBZSE9ORkxMUQADfgAAAAQAAAhIWkVZWFNRT0VETkQyUTZNOTdNAAlQT1oySENQQlQ2MERTREo4VUE3AAoACwE2VDk2MjYwMTI2VFY0S0xHRFhHAAJDUkVIUkNLMllYUldKSzJKMEFMAAMBBAEAAiMwMDAwMDAAA8gBAAUBAQIjMDAwMDAwAAPIAQAAAAFFSVVBTFBZTkdaNVZVN1kyWTAyAAJRWlEyUUJNVTRUNUk0N0QxSzRGAAMFAUUzSEdCWUhSQzk4R0E2Rlc5RjYAAgAAATNYQk9GQlIzMDJFWUMwVVFENTEAAgAAAVNRNldKTzBHTlVKR0ZVOExIVlYAAgAAAUhLMTRPMUFTQU5QWUhPTkZMTFEAAgFTVFJkIEQxIFN0cmlvc29tZSBNU04AAAE2RVdCU0VKNFlGVkdLSTJBUEJMAAIAAAQBAQKBItJbgQi1PgOEXt1mg%2Bp7yQAFAgFEUkQxAAABS0NOSVAxAAAGAQECSEsxNE8xQVNBTlBZSE9ORkxMUQADfgAAAAQAAAhGVExBVU9WNlNMQjA3MVNWTlU5AAlQT1oySENQQlQ2MERTREo4VUE3AAoACwFub25lAAJub25lAAMBBAEAAiMwMDAwMDAAA8gBAAUBAQIjMDAwMDAwAAPIAQAAAAIIAA%3D%3D	markers in reference data on Allen Brain Cell Atlas
http://purl.obolibrary.org/obo/PCL_0160952	STRd D2 Matrix MSN	NCBIGene:1813|NCBIGene:29091	DRD2, STXBP6	Primate	DHBA:10332	SO:0001260			CAS evidence				STRd D2 Matrix MSN	Group	https://dev-knowledge.brain-map.org/abcatlas#AQQBTlhKOU5aQVFBNU1FSFFOT1dKUQACVEdCUTJGRVYyN04wQ1BMS1ZBWgADBQFFM0hHQllIUkM5OEdBNkZXOUY2AAIAAAEzWEJPRkJSMzAyRVlDMFVRRDUxAAIAAAFTUTZXSk8wR05VSkdGVThMSFZWAAIAAAFISzE0TzFBU0FOUFlIT05GTExRAAIBU1RSZCBEMiBNYXRyaXggTVNOAAABNkVXQlNFSjRZRlZHS0kyQVBCTAACAAAEAQAChMpFmYR%2BVoYDhQxy%2FoU8XEUEV01QOE5NSjVEOFhPMUFPSTFMOQAFg2xvMYI24kGDwAnEgzgCUgAFAgFEUkQyAAABU1RYQlA2AAAGAQECSEsxNE8xQVNBTlBZSE9ORkxMUQADfgAAAAQAAAhJQTZZNlNON1FaU0lFSjBGWjBVAAlQT1oySENQQlQ2MERTREo4VUE3AAoACwE3NDE2QjVYSkRTWTBIREY5M1JPAAJDUkVIUkNLMllYUldKSzJKMEFMAAMBBAEAAiMwMDAwMDAAA8gBAAUBAQIjMDAwMDAwAAPIAQAAAAFWTTRFNko5RFBZWUQ3RTBCSE5CAAJLR1pMQVdJUENSNFc5OEY1TEQ2AAMFAUUzSEdCWUhSQzk4R0E2Rlc5RjYAAgAAATNYQk9GQlIzMDJFWUMwVVFENTEAAgAAAVNRNldKTzBHTlVKR0ZVOExIVlYAAgAAAUhLMTRPMUFTQU5QWUhPTkZMTFEAAgFTVFJkIEQyIE1hdHJpeCBNU04AAAE2RVdCU0VKNFlGVkdLSTJBUEJMAAIAAAQBAAKF%2FlmIhY7XHwOGCqZOhfScqgRXTVA4Tk1KNUQ4WE8xQU9JMUw5AAWEFMQWg4zFUoRiab%2BEtOdLBgAHAAAFAgFEUkQyAAABU1RYQlA2AAAGAQECSEsxNE8xQVNBTlBZSE9ORkxMUQADfgAAAAQAAAg5QVVURTlTMTBLQUVDMlVaTzMxAAlQT1oySENQQlQ2MERTREo4VUE3AAoACwFZM1AxSk0xRU5DR1dFVzhVU1RWAAJDUkVIUkNLMllYUldKSzJKMEFMAAMBBAEAAiMwMDAwMDAAA8gBAAUBAQIjMDAwMDAwAAPIAQAAAAEzQ1BJUDI4MDRTQkRYMURYMVJXAAJTNUtRVEZIQ1JLSFZaVlJSNUhSAAMFAUUzSEdCWUhSQzk4R0E2Rlc5RjYAAgAAATNYQk9GQlIzMDJFWUMwVVFENTEAAgAAAVNRNldKTzBHTlVKR0ZVOExIVlYAAgAAAUhLMTRPMUFTQU5QWUhPTkZMTFEAAgFTVFJkIEQyIE1hdHJpeCBNU04AAAE2RVdCU0VKNFlGVkdLSTJBUEJMAAIAAAQBAAKF5uKGhpZBIAOHaGEyhqCThgRXTVA4Tk1KNUQ4WE8xQU9JMUw5AAWB2KHrhLYRmYTalF2FAoaGBgAHAAAFAgFEUkQyAAABU1RYQlA2AAAGAQECSEsxNE8xQVNBTlBZSE9ORkxMUQADfgAAAAQAAAhIWkVZWFNRT0VETkQyUTZNOTdNAAlQT1oySENQQlQ2MERTREo4VUE3AAoACwE2VDk2MjYwMTI2VFY0S0xHRFhHAAJDUkVIUkNLMllYUldKSzJKMEFMAAMBBAEAAiMwMDAwMDAAA8gBAAUBAQIjMDAwMDAwAAPIAQAAAAFFSVVBTFBZTkdaNVZVN1kyWTAyAAJRWlEyUUJNVTRUNUk0N0QxSzRGAAMFAUUzSEdCWUhSQzk4R0E2Rlc5RjYAAgAAATNYQk9GQlIzMDJFWUMwVVFENTEAAgAAAVNRNldKTzBHTlVKR0ZVOExIVlYAAgAAAUhLMTRPMUFTQU5QWUhPTkZMTFEAAgFTVFJkIEQyIE1hdHJpeCBNU04AAAE2RVdCU0VKNFlGVkdLSTJBUEJMAAIAAAQBAQKBItJbgQi1PgOEXt1mg%2Bp7yQAFAgFEUkQyAAABU1RYQlA2AAAGAQECSEsxNE8xQVNBTlBZSE9ORkxMUQADfgAAAAQAAAhGVExBVU9WNlNMQjA3MVNWTlU5AAlQT1oySENQQlQ2MERTREo4VUE3AAoACwFub25lAAJub25lAAMBBAEAAiMwMDAwMDAAA8gBAAUBAQIjMDAwMDAwAAPIAQAAAAIIAA%3D%3D	markers in reference data on Allen Brain Cell Atlas
http://purl.obolibrary.org/obo/PCL_0160954	STRd D2 Striosome MSN	NCBIGene:1813|NCBIGene:30820	DRD2, KCNIP1	Primate	DHBA:10332	SO:0001260			CAS evidence				STRd D2 Striosome MSN	Group	https://dev-knowledge.brain-map.org/abcatlas#AQQBTlhKOU5aQVFBNU1FSFFOT1dKUQACVEdCUTJGRVYyN04wQ1BMS1ZBWgADBQFFM0hHQllIUkM5OEdBNkZXOUY2AAIAAAEzWEJPRkJSMzAyRVlDMFVRRDUxAAIAAAFTUTZXSk8wR05VSkdGVThMSFZWAAIAAAFISzE0TzFBU0FOUFlIT05GTExRAAIBU1RSZCBEMiBTdHJpb3NvbWUgTVNOAAABNkVXQlNFSjRZRlZHS0kyQVBCTAACAAAEAQAChMpFmYR%2BVoYDhQxy%2FoU8XEUEV01QOE5NSjVEOFhPMUFPSTFMOQAFg2xvMYI24kGDwAnEgzgCUgAFAgFEUkQyAAABS0NOSVAxAAAGAQECSEsxNE8xQVNBTlBZSE9ORkxMUQADfgAAAAQAAAhJQTZZNlNON1FaU0lFSjBGWjBVAAlQT1oySENQQlQ2MERTREo4VUE3AAoACwE3NDE2QjVYSkRTWTBIREY5M1JPAAJDUkVIUkNLMllYUldKSzJKMEFMAAMBBAEAAiMwMDAwMDAAA8gBAAUBAQIjMDAwMDAwAAPIAQAAAAFWTTRFNko5RFBZWUQ3RTBCSE5CAAJLR1pMQVdJUENSNFc5OEY1TEQ2AAMFAUUzSEdCWUhSQzk4R0E2Rlc5RjYAAgAAATNYQk9GQlIzMDJFWUMwVVFENTEAAgAAAVNRNldKTzBHTlVKR0ZVOExIVlYAAgAAAUhLMTRPMUFTQU5QWUhPTkZMTFEAAgFTVFJkIEQyIFN0cmlvc29tZSBNU04AAAE2RVdCU0VKNFlGVkdLSTJBUEJMAAIAAAQBAAKF%2FlmIhY7XHwOGCqZOhfScqgRXTVA4Tk1KNUQ4WE8xQU9JMUw5AAWEFMQWg4zFUoRiab%2BEtOdLBgAHAAAFAgFEUkQyAAABS0NOSVAxAAAGAQECSEsxNE8xQVNBTlBZSE9ORkxMUQADfgAAAAQAAAg5QVVURTlTMTBLQUVDMlVaTzMxAAlQT1oySENQQlQ2MERTREo4VUE3AAoACwFZM1AxSk0xRU5DR1dFVzhVU1RWAAJDUkVIUkNLMllYUldKSzJKMEFMAAMBBAEAAiMwMDAwMDAAA8gBAAUBAQIjMDAwMDAwAAPIAQAAAAEzQ1BJUDI4MDRTQkRYMURYMVJXAAJTNUtRVEZIQ1JLSFZaVlJSNUhSAAMFAUUzSEdCWUhSQzk4R0E2Rlc5RjYAAgAAATNYQk9GQlIzMDJFWUMwVVFENTEAAgAAAVNRNldKTzBHTlVKR0ZVOExIVlYAAgAAAUhLMTRPMUFTQU5QWUhPTkZMTFEAAgFTVFJkIEQyIFN0cmlvc29tZSBNU04AAAE2RVdCU0VKNFlGVkdLSTJBUEJMAAIAAAQBAAKF5uKGhpZBIAOHaGEyhqCThgRXTVA4Tk1KNUQ4WE8xQU9JMUw5AAWB2KHrhLYRmYTalF2FAoaGBgAHAAAFAgFEUkQyAAABS0NOSVAxAAAGAQECSEsxNE8xQVNBTlBZSE9ORkxMUQADfgAAAAQAAAhIWkVZWFNRT0VETkQyUTZNOTdNAAlQT1oySENQQlQ2MERTREo4VUE3AAoACwE2VDk2MjYwMTI2VFY0S0xHRFhHAAJDUkVIUkNLMllYUldKSzJKMEFMAAMBBAEAAiMwMDAwMDAAA8gBAAUBAQIjMDAwMDAwAAPIAQAAAAFFSVVBTFBZTkdaNVZVN1kyWTAyAAJRWlEyUUJNVTRUNUk0N0QxSzRGAAMFAUUzSEdCWUhSQzk4R0E2Rlc5RjYAAgAAATNYQk9GQlIzMDJFWUMwVVFENTEAAgAAAVNRNldKTzBHTlVKR0ZVOExIVlYAAgAAAUhLMTRPMUFTQU5QWUhPTkZMTFEAAgFTVFJkIEQyIFN0cmlvc29tZSBNU04AAAE2RVdCU0VKNFlGVkdLSTJBUEJMAAIAAAQBAQKBItJbgQi1PgOEXt1mg%2Bp7yQAFAgFEUkQyAAABS0NOSVAxAAAGAQECSEsxNE8xQVNBTlBZSE9ORkxMUQADfgAAAAQAAAhGVExBVU9WNlNMQjA3MVNWTlU5AAlQT1oySENQQlQ2MERTREo4VUE3AAoACwFub25lAAJub25lAAMBBAEAAiMwMDAwMDAAA8gBAAUBAQIjMDAwMDAwAAPIAQAAAAIIAA%3D%3D	markers in reference data on Allen Brain Cell Atlas
http://purl.obolibrary.org/obo/PCL_0160956	STRv D1 MSN	NCBIGene:1812|NCBIGene:395	DRD1, ARHGAP6	Primate	DHBA:10332	SO:0001260			CAS evidence				STRv D1 MSN	Group	https://dev-knowledge.brain-map.org/abcatlas#AQQBTlhKOU5aQVFBNU1FSFFOT1dKUQACVEdCUTJGRVYyN04wQ1BMS1ZBWgADBQFFM0hHQllIUkM5OEdBNkZXOUY2AAIAAAEzWEJPRkJSMzAyRVlDMFVRRDUxAAIAAAFTUTZXSk8wR05VSkdGVThMSFZWAAIAAAFISzE0TzFBU0FOUFlIT05GTExRAAIBU1RSdiBEMSBNU04AAAE2RVdCU0VKNFlGVkdLSTJBUEJMAAIAAAQBAAKEykWZhH5WhgOFDHL%2BhTxcRQRXTVA4Tk1KNUQ4WE8xQU9JMUw5AAWDbG8xgjbiQYPACcSDOAJSAAUCAURSRDEAAAFBUkhHQVA2AAAGAQECSEsxNE8xQVNBTlBZSE9ORkxMUQADfgAAAAQAAAhJQTZZNlNON1FaU0lFSjBGWjBVAAlQT1oySENQQlQ2MERTREo4VUE3AAoACwE3NDE2QjVYSkRTWTBIREY5M1JPAAJDUkVIUkNLMllYUldKSzJKMEFMAAMBBAEAAiMwMDAwMDAAA8gBAAUBAQIjMDAwMDAwAAPIAQAAAAFWTTRFNko5RFBZWUQ3RTBCSE5CAAJLR1pMQVdJUENSNFc5OEY1TEQ2AAMFAUUzSEdCWUhSQzk4R0E2Rlc5RjYAAgAAATNYQk9GQlIzMDJFWUMwVVFENTEAAgAAAVNRNldKTzBHTlVKR0ZVOExIVlYAAgAAAUhLMTRPMUFTQU5QWUhPTkZMTFEAAgFTVFJ2IEQxIE1TTgAAATZFV0JTRUo0WUZWR0tJMkFQQkwAAgAABAEAAoX%2BWYiFjtcfA4YKpk6F9JyqBFdNUDhOTUo1RDhYTzFBT0kxTDkABYQUxBaDjMVShGJpv4S050sGAAcAAAUCAURSRDEAAAFBUkhHQVA2AAAGAQECSEsxNE8xQVNBTlBZSE9ORkxMUQADfgAAAAQAAAg5QVVURTlTMTBLQUVDMlVaTzMxAAlQT1oySENQQlQ2MERTREo4VUE3AAoACwFZM1AxSk0xRU5DR1dFVzhVU1RWAAJDUkVIUkNLMllYUldKSzJKMEFMAAMBBAEAAiMwMDAwMDAAA8gBAAUBAQIjMDAwMDAwAAPIAQAAAAEzQ1BJUDI4MDRTQkRYMURYMVJXAAJTNUtRVEZIQ1JLSFZaVlJSNUhSAAMFAUUzSEdCWUhSQzk4R0E2Rlc5RjYAAgAAATNYQk9GQlIzMDJFWUMwVVFENTEAAgAAAVNRNldKTzBHTlVKR0ZVOExIVlYAAgAAAUhLMTRPMUFTQU5QWUhPTkZMTFEAAgFTVFJ2IEQxIE1TTgAAATZFV0JTRUo0WUZWR0tJMkFQQkwAAgAABAEAAoXm4oaGlkEgA4doYTKGoJOGBFdNUDhOTUo1RDhYTzFBT0kxTDkABYHYoeuEthGZhNqUXYUChoYGAAcAAAUCAURSRDEAAAFBUkhHQVA2AAAGAQECSEsxNE8xQVNBTlBZSE9ORkxMUQADfgAAAAQAAAhIWkVZWFNRT0VETkQyUTZNOTdNAAlQT1oySENQQlQ2MERTREo4VUE3AAoACwE2VDk2MjYwMTI2VFY0S0xHRFhHAAJDUkVIUkNLMllYUldKSzJKMEFMAAMBBAEAAiMwMDAwMDAAA8gBAAUBAQIjMDAwMDAwAAPIAQAAAAFFSVVBTFBZTkdaNVZVN1kyWTAyAAJRWlEyUUJNVTRUNUk0N0QxSzRGAAMFAUUzSEdCWUhSQzk4R0E2Rlc5RjYAAgAAATNYQk9GQlIzMDJFWUMwVVFENTEAAgAAAVNRNldKTzBHTlVKR0ZVOExIVlYAAgAAAUhLMTRPMUFTQU5QWUhPTkZMTFEAAgFTVFJ2IEQxIE1TTgAAATZFV0JTRUo0WUZWR0tJMkFQQkwAAgAABAEBAoEi0luBCLU%2BA4Re3WaD6nvJAAUCAURSRDEAAAFBUkhHQVA2AAAGAQECSEsxNE8xQVNBTlBZSE9ORkxMUQADfgAAAAQAAAhGVExBVU9WNlNMQjA3MVNWTlU5AAlQT1oySENQQlQ2MERTREo4VUE3AAoACwFub25lAAJub25lAAMBBAEAAiMwMDAwMDAAA8gBAAUBAQIjMDAwMDAwAAPIAQAAAAIIAA%3D%3D	markers in reference data on Allen Brain Cell Atlas
http://purl.obolibrary.org/obo/PCL_0160958	STRv D2 MSN	NCBIGene:1813|NCBIGene:395	DRD2, ARHGAP6	Primate	DHBA:10332	SO:0001260			CAS evidence				STRv D2 MSN	Group	https://dev-knowledge.brain-map.org/abcatlas#AQQBTlhKOU5aQVFBNU1FSFFOT1dKUQACVEdCUTJGRVYyN04wQ1BMS1ZBWgADBQFFM0hHQllIUkM5OEdBNkZXOUY2AAIAAAEzWEJPRkJSMzAyRVlDMFVRRDUxAAIAAAFTUTZXSk8wR05VSkdGVThMSFZWAAIAAAFISzE0TzFBU0FOUFlIT05GTExRAAIBU1RSdiBEMiBNU04AAAE2RVdCU0VKNFlGVkdLSTJBUEJMAAIAAAQBAAKEykWZhH5WhgOFDHL%2BhTxcRQRXTVA4Tk1KNUQ4WE8xQU9JMUw5AAWDbG8xgjbiQYPACcSDOAJSAAUCAURSRDIAAAFBUkhHQVA2AAAGAQECSEsxNE8xQVNBTlBZSE9ORkxMUQADfgAAAAQAAAhJQTZZNlNON1FaU0lFSjBGWjBVAAlQT1oySENQQlQ2MERTREo4VUE3AAoACwE3NDE2QjVYSkRTWTBIREY5M1JPAAJDUkVIUkNLMllYUldKSzJKMEFMAAMBBAEAAiMwMDAwMDAAA8gBAAUBAQIjMDAwMDAwAAPIAQAAAAFWTTRFNko5RFBZWUQ3RTBCSE5CAAJLR1pMQVdJUENSNFc5OEY1TEQ2AAMFAUUzSEdCWUhSQzk4R0E2Rlc5RjYAAgAAATNYQk9GQlIzMDJFWUMwVVFENTEAAgAAAVNRNldKTzBHTlVKR0ZVOExIVlYAAgAAAUhLMTRPMUFTQU5QWUhPTkZMTFEAAgFTVFJ2IEQyIE1TTgAAATZFV0JTRUo0WUZWR0tJMkFQQkwAAgAABAEAAoX%2BWYiFjtcfA4YKpk6F9JyqBFdNUDhOTUo1RDhYTzFBT0kxTDkABYQUxBaDjMVShGJpv4S050sGAAcAAAUCAURSRDIAAAFBUkhHQVA2AAAGAQECSEsxNE8xQVNBTlBZSE9ORkxMUQADfgAAAAQAAAg5QVVURTlTMTBLQUVDMlVaTzMxAAlQT1oySENQQlQ2MERTREo4VUE3AAoACwFZM1AxSk0xRU5DR1dFVzhVU1RWAAJDUkVIUkNLMllYUldKSzJKMEFMAAMBBAEAAiMwMDAwMDAAA8gBAAUBAQIjMDAwMDAwAAPIAQAAAAEzQ1BJUDI4MDRTQkRYMURYMVJXAAJTNUtRVEZIQ1JLSFZaVlJSNUhSAAMFAUUzSEdCWUhSQzk4R0E2Rlc5RjYAAgAAATNYQk9GQlIzMDJFWUMwVVFENTEAAgAAAVNRNldKTzBHTlVKR0ZVOExIVlYAAgAAAUhLMTRPMUFTQU5QWUhPTkZMTFEAAgFTVFJ2IEQyIE1TTgAAATZFV0JTRUo0WUZWR0tJMkFQQkwAAgAABAEAAoXm4oaGlkEgA4doYTKGoJOGBFdNUDhOTUo1RDhYTzFBT0kxTDkABYHYoeuEthGZhNqUXYUChoYGAAcAAAUCAURSRDIAAAFBUkhHQVA2AAAGAQECSEsxNE8xQVNBTlBZSE9ORkxMUQADfgAAAAQAAAhIWkVZWFNRT0VETkQyUTZNOTdNAAlQT1oySENQQlQ2MERTREo4VUE3AAoACwE2VDk2MjYwMTI2VFY0S0xHRFhHAAJDUkVIUkNLMllYUldKSzJKMEFMAAMBBAEAAiMwMDAwMDAAA8gBAAUBAQIjMDAwMDAwAAPIAQAAAAFFSVVBTFBZTkdaNVZVN1kyWTAyAAJRWlEyUUJNVTRUNUk0N0QxSzRGAAMFAUUzSEdCWUhSQzk4R0E2Rlc5RjYAAgAAATNYQk9GQlIzMDJFWUMwVVFENTEAAgAAAVNRNldKTzBHTlVKR0ZVOExIVlYAAgAAAUhLMTRPMUFTQU5QWUhPTkZMTFEAAgFTVFJ2IEQyIE1TTgAAATZFV0JTRUo0WUZWR0tJMkFQQkwAAgAABAEBAoEi0luBCLU%2BA4Re3WaD6nvJAAUCAURSRDIAAAFBUkhHQVA2AAAGAQECSEsxNE8xQVNBTlBZSE9ORkxMUQADfgAAAAQAAAhGVExBVU9WNlNMQjA3MVNWTlU5AAlQT1oySENQQlQ2MERTREo4VUE3AAoACwFub25lAAJub25lAAMBBAEAAiMwMDAwMDAAA8gBAAUBAQIjMDAwMDAwAAPIAQAAAAIIAA%3D%3D	markers in reference data on Allen Brain Cell Atlas
http://purl.obolibrary.org/obo/PCL_0160951	STR D1D2 Hybrid MSN	NCBIGene:1812|NCBIGene:1813|NCBIGene:1395|NCBIGene:2897	DRD1, DRD2, CRHR2, GRIK1	Primate	DHBA:10332	SO:0001260			CAS evidence				STR D1D2 Hybrid MSN	Group	https://dev-knowledge.brain-map.org/abcatlas#AQQBTlhKOU5aQVFBNU1FSFFOT1dKUQACVEdCUTJGRVYyN04wQ1BMS1ZBWgADBQFFM0hHQllIUkM5OEdBNkZXOUY2AAIAAAEzWEJPRkJSMzAyRVlDMFVRRDUxAAIAAAFTUTZXSk8wR05VSkdGVThMSFZWAAIAAAFISzE0TzFBU0FOUFlIT05GTExRAAIBU1RSIEQxRDIgSHlicmlkIE1TTgAAATZFV0JTRUo0WUZWR0tJMkFQQkwAAgAABAEAAoTKRZmEflaGA4UMcv6FPFxFBFdNUDhOTUo1RDhYTzFBT0kxTDkABYNsbzGCNuJBg8AJxIM4AlIABQQBRFJEMQAAAURSRDIAAAFDUkhSMgAAAUdSSUsxAAAGAQECSEsxNE8xQVNBTlBZSE9ORkxMUQADfgAAAAQAAAhJQTZZNlNON1FaU0lFSjBGWjBVAAlQT1oySENQQlQ2MERTREo4VUE3AAoACwE3NDE2QjVYSkRTWTBIREY5M1JPAAJDUkVIUkNLMllYUldKSzJKMEFMAAMBBAEAAiMwMDAwMDAAA8gBAAUBAQIjMDAwMDAwAAPIAQAAAAFWTTRFNko5RFBZWUQ3RTBCSE5CAAJLR1pMQVdJUENSNFc5OEY1TEQ2AAMFAUUzSEdCWUhSQzk4R0E2Rlc5RjYAAgAAATNYQk9GQlIzMDJFWUMwVVFENTEAAgAAAVNRNldKTzBHTlVKR0ZVOExIVlYAAgAAAUhLMTRPMUFTQU5QWUhPTkZMTFEAAgFTVFIgRDFEMiBIeWJyaWQgTVNOAAABNkVXQlNFSjRZRlZHS0kyQVBCTAACAAAEAQAChf5ZiIWO1x8DhgqmToX0nKoEV01QOE5NSjVEOFhPMUFPSTFMOQAFhBTEFoOMxVKEYmm%2FhLTnSwYABwAABQQBRFJEMQAAAURSRDIAAAFDUkhSMgAAAUdSSUsxAAAGAQECSEsxNE8xQVNBTlBZSE9ORkxMUQADfgAAAAQAAAg5QVVURTlTMTBLQUVDMlVaTzMxAAlQT1oySENQQlQ2MERTREo4VUE3AAoACwFZM1AxSk0xRU5DR1dFVzhVU1RWAAJDUkVIUkNLMllYUldKSzJKMEFMAAMBBAEAAiMwMDAwMDAAA8gBAAUBAQIjMDAwMDAwAAPIAQAAAAEzQ1BJUDI4MDRTQkRYMURYMVJXAAJTNUtRVEZIQ1JLSFZaVlJSNUhSAAMFAUUzSEdCWUhSQzk4R0E2Rlc5RjYAAgAAATNYQk9GQlIzMDJFWUMwVVFENTEAAgAAAVNRNldKTzBHTlVKR0ZVOExIVlYAAgAAAUhLMTRPMUFTQU5QWUhPTkZMTFEAAgFTVFIgRDFEMiBIeWJyaWQgTVNOAAABNkVXQlNFSjRZRlZHS0kyQVBCTAACAAAEAQAChebihoaWQSADh2hhMoagk4YEV01QOE5NSjVEOFhPMUFPSTFMOQAFgdih64S2EZmE2pRdhQKGhgYABwAABQQBRFJEMQAAAURSRDIAAAFDUkhSMgAAAUdSSUsxAAAGAQECSEsxNE8xQVNBTlBZSE9ORkxMUQADfgAAAAQAAAhIWkVZWFNRT0VETkQyUTZNOTdNAAlQT1oySENQQlQ2MERTREo4VUE3AAoACwE2VDk2MjYwMTI2VFY0S0xHRFhHAAJDUkVIUkNLMllYUldKSzJKMEFMAAMBBAEAAiMwMDAwMDAAA8gBAAUBAQIjMDAwMDAwAAPIAQAAAAFFSVVBTFBZTkdaNVZVN1kyWTAyAAJRWlEyUUJNVTRUNUk0N0QxSzRGAAMFAUUzSEdCWUhSQzk4R0E2Rlc5RjYAAgAAATNYQk9GQlIzMDJFWUMwVVFENTEAAgAAAVNRNldKTzBHTlVKR0ZVOExIVlYAAgAAAUhLMTRPMUFTQU5QWUhPTkZMTFEAAgFTVFIgRDFEMiBIeWJyaWQgTVNOAAABNkVXQlNFSjRZRlZHS0kyQVBCTAACAAAEAQECgSLSW4EItT4DhF7dZoPqe8kABQQBRFJEMQAAAURSRDIAAAFDUkhSMgAAAUdSSUsxAAAGAQECSEsxNE8xQVNBTlBZSE9ORkxMUQADfgAAAAQAAAhGVExBVU9WNlNMQjA3MVNWTlU5AAlQT1oySENQQlQ2MERTREo4VUE3AAoACwFub25lAAJub25lAAMBBAEAAiMwMDAwMDAAA8gBAAUBAQIjMDAwMDAwAAPIAQAAAAIIAA%3D%3D	markers in reference data on Allen Brain Cell Atlas
http://purl.obolibrary.org/obo/PCL_0160957	STRv D1 NUDAP MSN	NCBIGene:1812|NCBIGene:2893	DRD1, GRIA4	Primate	DHBA:10332	SO:0001260			CAS evidence				STRv D1 NUDAP MSN	Group	https://dev-knowledge.brain-map.org/abcatlas#AQQBTlhKOU5aQVFBNU1FSFFOT1dKUQACVEdCUTJGRVYyN04wQ1BMS1ZBWgADBQFFM0hHQllIUkM5OEdBNkZXOUY2AAIAAAEzWEJPRkJSMzAyRVlDMFVRRDUxAAIAAAFTUTZXSk8wR05VSkdGVThMSFZWAAIAAAFISzE0TzFBU0FOUFlIT05GTExRAAIBU1RSdiBEMSBOVURBUCBNU04AAAE2RVdCU0VKNFlGVkdLSTJBUEJMAAIAAAQBAAKEykWZhH5WhgOFDHL%2BhTxcRQRXTVA4Tk1KNUQ4WE8xQU9JMUw5AAWDbG8xgjbiQYPACcSDOAJSAAUCAURSRDEAAAFHUklBNAAABgEBAkhLMTRPMUFTQU5QWUhPTkZMTFEAA34AAAAEAAAISUE2WTZTTjdRWlNJRUowRlowVQAJUE9aMkhDUEJUNjBEU0RKOFVBNwAKAAsBNzQxNkI1WEpEU1kwSERGOTNSTwACQ1JFSFJDSzJZWFJXSksySjBBTAADAQQBAAIjMDAwMDAwAAPIAQAFAQECIzAwMDAwMAADyAEAAAABVk00RTZKOURQWVlEN0UwQkhOQgACS0daTEFXSVBDUjRXOThGNUxENgADBQFFM0hHQllIUkM5OEdBNkZXOUY2AAIAAAEzWEJPRkJSMzAyRVlDMFVRRDUxAAIAAAFTUTZXSk8wR05VSkdGVThMSFZWAAIAAAFISzE0TzFBU0FOUFlIT05GTExRAAIBU1RSdiBEMSBOVURBUCBNU04AAAE2RVdCU0VKNFlGVkdLSTJBUEJMAAIAAAQBAAKF%2FlmIhY7XHwOGCqZOhfScqgRXTVA4Tk1KNUQ4WE8xQU9JMUw5AAWEFMQWg4zFUoRiab%2BEtOdLBgAHAAAFAgFEUkQxAAABR1JJQTQAAAYBAQJISzE0TzFBU0FOUFlIT05GTExRAAN%2BAAAABAAACDlBVVRFOVMxMEtBRUMyVVpPMzEACVBPWjJIQ1BCVDYwRFNESjhVQTcACgALAVkzUDFKTTFFTkNHV0VXOFVTVFYAAkNSRUhSQ0syWVhSV0pLMkowQUwAAwEEAQACIzAwMDAwMAADyAEABQEBAiMwMDAwMDAAA8gBAAAAATNDUElQMjgwNFNCRFgxRFgxUlcAAlM1S1FURkhDUktIVlpWUlI1SFIAAwUBRTNIR0JZSFJDOThHQTZGVzlGNgACAAABM1hCT0ZCUjMwMkVZQzBVUUQ1MQACAAABU1E2V0pPMEdOVUpHRlU4TEhWVgACAAABSEsxNE8xQVNBTlBZSE9ORkxMUQACAVNUUnYgRDEgTlVEQVAgTVNOAAABNkVXQlNFSjRZRlZHS0kyQVBCTAACAAAEAQAChebihoaWQSADh2hhMoagk4YEV01QOE5NSjVEOFhPMUFPSTFMOQAFgdih64S2EZmE2pRdhQKGhgYABwAABQIBRFJEMQAAAUdSSUE0AAAGAQECSEsxNE8xQVNBTlBZSE9ORkxMUQADfgAAAAQAAAhIWkVZWFNRT0VETkQyUTZNOTdNAAlQT1oySENQQlQ2MERTREo4VUE3AAoACwE2VDk2MjYwMTI2VFY0S0xHRFhHAAJDUkVIUkNLMllYUldKSzJKMEFMAAMBBAEAAiMwMDAwMDAAA8gBAAUBAQIjMDAwMDAwAAPIAQAAAAFFSVVBTFBZTkdaNVZVN1kyWTAyAAJRWlEyUUJNVTRUNUk0N0QxSzRGAAMFAUUzSEdCWUhSQzk4R0E2Rlc5RjYAAgAAATNYQk9GQlIzMDJFWUMwVVFENTEAAgAAAVNRNldKTzBHTlVKR0ZVOExIVlYAAgAAAUhLMTRPMUFTQU5QWUhPTkZMTFEAAgFTVFJ2IEQxIE5VREFQIE1TTgAAATZFV0JTRUo0WUZWR0tJMkFQQkwAAgAABAEBAoEi0luBCLU%2BA4Re3WaD6nvJAAUCAURSRDEAAAFHUklBNAAABgEBAkhLMTRPMUFTQU5QWUhPTkZMTFEAA34AAAAEAAAIRlRMQVVPVjZTTEIwNzFTVk5VOQAJUE9aMkhDUEJUNjBEU0RKOFVBNwAKAAsBbm9uZQACbm9uZQADAQQBAAIjMDAwMDAwAAPIAQAFAQECIzAwMDAwMAADyAEAAAACCAA%3D	markers in reference data on Allen Brain Cell Atlas
http://purl.obolibrary.org/obo/PCL_0160924	OT Granular GABA	NCBIGene:1812|NCBIGene:131034	DRD1, CPNE4	Primate	DHBA:10332	SO:0001260			CAS evidence				OT Granular GABA	Subclass	https://dev-knowledge.brain-map.org/abcatlas#AQQBTlhKOU5aQVFBNU1FSFFOT1dKUQACVEdCUTJGRVYyN04wQ1BMS1ZBWgADBQFFM0hHQllIUkM5OEdBNkZXOUY2AAIAAAEzWEJPRkJSMzAyRVlDMFVRRDUxAAIAAAFTUTZXSk8wR05VSkdGVThMSFZWAAIBT1QgR3JhbnVsYXIgR0FCQQAAAUhLMTRPMUFTQU5QWUhPTkZMTFEAAgAAATZFV0JTRUo0WUZWR0tJMkFQQkwAAgAABAEAAoTKRZmEflaGA4UMcv6FPFxFBFdNUDhOTUo1RDhYTzFBT0kxTDkABYNsbzGCNuJBg8AJxIM4AlIABQIBRFJEMQAAAUNQTkU0AAAGAQECU1E2V0pPMEdOVUpHRlU4TEhWVgADfgAAAAQAAAhJQTZZNlNON1FaU0lFSjBGWjBVAAlQT1oySENQQlQ2MERTREo4VUE3AAoACwE3NDE2QjVYSkRTWTBIREY5M1JPAAJDUkVIUkNLMllYUldKSzJKMEFMAAMBBAEAAiMwMDAwMDAAA8gBAAUBAQIjMDAwMDAwAAPIAQAAAAFWTTRFNko5RFBZWUQ3RTBCSE5CAAJLR1pMQVdJUENSNFc5OEY1TEQ2AAMFAUUzSEdCWUhSQzk4R0E2Rlc5RjYAAgAAATNYQk9GQlIzMDJFWUMwVVFENTEAAgAAAVNRNldKTzBHTlVKR0ZVOExIVlYAAgFPVCBHcmFudWxhciBHQUJBAAABSEsxNE8xQVNBTlBZSE9ORkxMUQACAAABNkVXQlNFSjRZRlZHS0kyQVBCTAACAAAEAQAChf5ZiIWO1x8DhgqmToX0nKoEV01QOE5NSjVEOFhPMUFPSTFMOQAFhBTEFoOMxVKEYmm%2FhLTnSwYABwAABQIBRFJEMQAAAUNQTkU0AAAGAQECU1E2V0pPMEdOVUpHRlU4TEhWVgADfgAAAAQAAAg5QVVURTlTMTBLQUVDMlVaTzMxAAlQT1oySENQQlQ2MERTREo4VUE3AAoACwFZM1AxSk0xRU5DR1dFVzhVU1RWAAJDUkVIUkNLMllYUldKSzJKMEFMAAMBBAEAAiMwMDAwMDAAA8gBAAUBAQIjMDAwMDAwAAPIAQAAAAEzQ1BJUDI4MDRTQkRYMURYMVJXAAJTNUtRVEZIQ1JLSFZaVlJSNUhSAAMFAUUzSEdCWUhSQzk4R0E2Rlc5RjYAAgAAATNYQk9GQlIzMDJFWUMwVVFENTEAAgAAAVNRNldKTzBHTlVKR0ZVOExIVlYAAgFPVCBHcmFudWxhciBHQUJBAAABSEsxNE8xQVNBTlBZSE9ORkxMUQACAAABNkVXQlNFSjRZRlZHS0kyQVBCTAACAAAEAQAChebihoaWQSADh2hhMoagk4YEV01QOE5NSjVEOFhPMUFPSTFMOQAFgdih64S2EZmE2pRdhQKGhgYABwAABQIBRFJEMQAAAUNQTkU0AAAGAQECU1E2V0pPMEdOVUpHRlU4TEhWVgADfgAAAAQAAAhIWkVZWFNRT0VETkQyUTZNOTdNAAlQT1oySENQQlQ2MERTREo4VUE3AAoACwE2VDk2MjYwMTI2VFY0S0xHRFhHAAJDUkVIUkNLMllYUldKSzJKMEFMAAMBBAEAAiMwMDAwMDAAA8gBAAUBAQIjMDAwMDAwAAPIAQAAAAFFSVVBTFBZTkdaNVZVN1kyWTAyAAJRWlEyUUJNVTRUNUk0N0QxSzRGAAMFAUUzSEdCWUhSQzk4R0E2Rlc5RjYAAgAAATNYQk9GQlIzMDJFWUMwVVFENTEAAgAAAVNRNldKTzBHTlVKR0ZVOExIVlYAAgFPVCBHcmFudWxhciBHQUJBAAABSEsxNE8xQVNBTlBZSE9ORkxMUQACAAABNkVXQlNFSjRZRlZHS0kyQVBCTAACAAAEAQECgSLSW4EItT4DhF7dZoPqe8kABQIBRFJEMQAAAUNQTkU0AAAGAQECU1E2V0pPMEdOVUpHRlU4TEhWVgADfgAAAAQAAAhGVExBVU9WNlNMQjA3MVNWTlU5AAlQT1oySENQQlQ2MERTREo4VUE3AAoACwFub25lAAJub25lAAMBBAEAAiMwMDAwMDAAA8gBAAUBAQIjMDAwMDAwAAPIAQAAAAIIAA%3D%3D	markers in reference data on Allen Brain Cell Atlas
http://purl.obolibrary.org/obo/PCL_0160933	SN GATA3-PVALB GABA	NCBIGene:6496|NCBIGene:27086	SIX3, FOXP1	Primate	DHBA:10332	SO:0001260			CAS evidence				SN GATA3-PVALB GABA	Group	https://dev-knowledge.brain-map.org/abcatlas#AQQBTlhKOU5aQVFBNU1FSFFOT1dKUQACVEdCUTJGRVYyN04wQ1BMS1ZBWgADBQFFM0hHQllIUkM5OEdBNkZXOUY2AAIAAAEzWEJPRkJSMzAyRVlDMFVRRDUxAAIAAAFTUTZXSk8wR05VSkdGVThMSFZWAAIAAAFISzE0TzFBU0FOUFlIT05GTExRAAIBU04gR0FUQTMtUFZBTEIgR0FCQQAAATZFV0JTRUo0WUZWR0tJMkFQQkwAAgAABAEAAoTKRZmEflaGA4UMcv6FPFxFBFdNUDhOTUo1RDhYTzFBT0kxTDkABYNsbzGCNuJBg8AJxIM4AlIABQIBU0lYMwAAAUZPWFAxAAAGAQECSEsxNE8xQVNBTlBZSE9ORkxMUQADfgAAAAQAAAhJQTZZNlNON1FaU0lFSjBGWjBVAAlQT1oySENQQlQ2MERTREo4VUE3AAoACwE3NDE2QjVYSkRTWTBIREY5M1JPAAJDUkVIUkNLMllYUldKSzJKMEFMAAMBBAEAAiMwMDAwMDAAA8gBAAUBAQIjMDAwMDAwAAPIAQAAAAFWTTRFNko5RFBZWUQ3RTBCSE5CAAJLR1pMQVdJUENSNFc5OEY1TEQ2AAMFAUUzSEdCWUhSQzk4R0E2Rlc5RjYAAgAAATNYQk9GQlIzMDJFWUMwVVFENTEAAgAAAVNRNldKTzBHTlVKR0ZVOExIVlYAAgAAAUhLMTRPMUFTQU5QWUhPTkZMTFEAAgFTTiBHQVRBMy1QVkFMQiBHQUJBAAABNkVXQlNFSjRZRlZHS0kyQVBCTAACAAAEAQAChf5ZiIWO1x8DhgqmToX0nKoEV01QOE5NSjVEOFhPMUFPSTFMOQAFhBTEFoOMxVKEYmm%2FhLTnSwYABwAABQIBU0lYMwAAAUZPWFAxAAAGAQECSEsxNE8xQVNBTlBZSE9ORkxMUQADfgAAAAQAAAg5QVVURTlTMTBLQUVDMlVaTzMxAAlQT1oySENQQlQ2MERTREo4VUE3AAoACwFZM1AxSk0xRU5DR1dFVzhVU1RWAAJDUkVIUkNLMllYUldKSzJKMEFMAAMBBAEAAiMwMDAwMDAAA8gBAAUBAQIjMDAwMDAwAAPIAQAAAAEzQ1BJUDI4MDRTQkRYMURYMVJXAAJTNUtRVEZIQ1JLSFZaVlJSNUhSAAMFAUUzSEdCWUhSQzk4R0E2Rlc5RjYAAgAAATNYQk9GQlIzMDJFWUMwVVFENTEAAgAAAVNRNldKTzBHTlVKR0ZVOExIVlYAAgAAAUhLMTRPMUFTQU5QWUhPTkZMTFEAAgFTTiBHQVRBMy1QVkFMQiBHQUJBAAABNkVXQlNFSjRZRlZHS0kyQVBCTAACAAAEAQAChebihoaWQSADh2hhMoagk4YEV01QOE5NSjVEOFhPMUFPSTFMOQAFgdih64S2EZmE2pRdhQKGhgYABwAABQIBU0lYMwAAAUZPWFAxAAAGAQECSEsxNE8xQVNBTlBZSE9ORkxMUQADfgAAAAQAAAhIWkVZWFNRT0VETkQyUTZNOTdNAAlQT1oySENQQlQ2MERTREo4VUE3AAoACwE2VDk2MjYwMTI2VFY0S0xHRFhHAAJDUkVIUkNLMllYUldKSzJKMEFMAAMBBAEAAiMwMDAwMDAAA8gBAAUBAQIjMDAwMDAwAAPIAQAAAAFFSVVBTFBZTkdaNVZVN1kyWTAyAAJRWlEyUUJNVTRUNUk0N0QxSzRGAAMFAUUzSEdCWUhSQzk4R0E2Rlc5RjYAAgAAATNYQk9GQlIzMDJFWUMwVVFENTEAAgAAAVNRNldKTzBHTlVKR0ZVOExIVlYAAgAAAUhLMTRPMUFTQU5QWUhPTkZMTFEAAgFTTiBHQVRBMy1QVkFMQiBHQUJBAAABNkVXQlNFSjRZRlZHS0kyQVBCTAACAAAEAQECgSLSW4EItT4DhF7dZoPqe8kABQIBU0lYMwAAAUZPWFAxAAAGAQECSEsxNE8xQVNBTlBZSE9ORkxMUQADfgAAAAQAAAhGVExBVU9WNlNMQjA3MVNWTlU5AAlQT1oySENQQlQ2MERTREo4VUE3AAoACwFub25lAAJub25lAAMBBAEAAiMwMDAwMDAAA8gBAAUBAQIjMDAwMDAwAAPIAQAAAAIIAA%3D%3D	markers in reference data on Allen Brain Cell Atlas
http://purl.obolibrary.org/obo/PCL_0160914	GPe SOX6-CTXND1 GABA	NCBIGene:55553|NCBIGene:3736	SOX6, KCNA1	Primate	DHBA:10332	SO:0001260			CAS evidence				GPe SOX6-CTXND1 GABA	Group	https://dev-knowledge.brain-map.org/abcatlas#AQQBTlhKOU5aQVFBNU1FSFFOT1dKUQACVEdCUTJGRVYyN04wQ1BMS1ZBWgADBQFFM0hHQllIUkM5OEdBNkZXOUY2AAIAAAEzWEJPRkJSMzAyRVlDMFVRRDUxAAIAAAFTUTZXSk8wR05VSkdGVThMSFZWAAIAAAFISzE0TzFBU0FOUFlIT05GTExRAAIBR1BlIFNPWDYtQ1RYTkQxIEdBQkEAAAE2RVdCU0VKNFlGVkdLSTJBUEJMAAIAAAQBAAKEykWZhH5WhgOFDHL%2BhTxcRQRXTVA4Tk1KNUQ4WE8xQU9JMUw5AAWDbG8xgjbiQYPACcSDOAJSAAUCAVNPWDYAAAFLQ05BMQAABgEBAkhLMTRPMUFTQU5QWUhPTkZMTFEAA34AAAAEAAAISUE2WTZTTjdRWlNJRUowRlowVQAJUE9aMkhDUEJUNjBEU0RKOFVBNwAKAAsBNzQxNkI1WEpEU1kwSERGOTNSTwACQ1JFSFJDSzJZWFJXSksySjBBTAADAQQBAAIjMDAwMDAwAAPIAQAFAQECIzAwMDAwMAADyAEAAAABVk00RTZKOURQWVlEN0UwQkhOQgACS0daTEFXSVBDUjRXOThGNUxENgADBQFFM0hHQllIUkM5OEdBNkZXOUY2AAIAAAEzWEJPRkJSMzAyRVlDMFVRRDUxAAIAAAFTUTZXSk8wR05VSkdGVThMSFZWAAIAAAFISzE0TzFBU0FOUFlIT05GTExRAAIBR1BlIFNPWDYtQ1RYTkQxIEdBQkEAAAE2RVdCU0VKNFlGVkdLSTJBUEJMAAIAAAQBAAKF%2FlmIhY7XHwOGCqZOhfScqgRXTVA4Tk1KNUQ4WE8xQU9JMUw5AAWEFMQWg4zFUoRiab%2BEtOdLBgAHAAAFAgFTT1g2AAABS0NOQTEAAAYBAQJISzE0TzFBU0FOUFlIT05GTExRAAN%2BAAAABAAACDlBVVRFOVMxMEtBRUMyVVpPMzEACVBPWjJIQ1BCVDYwRFNESjhVQTcACgALAVkzUDFKTTFFTkNHV0VXOFVTVFYAAkNSRUhSQ0syWVhSV0pLMkowQUwAAwEEAQACIzAwMDAwMAADyAEABQEBAiMwMDAwMDAAA8gBAAAAATNDUElQMjgwNFNCRFgxRFgxUlcAAlM1S1FURkhDUktIVlpWUlI1SFIAAwUBRTNIR0JZSFJDOThHQTZGVzlGNgACAAABM1hCT0ZCUjMwMkVZQzBVUUQ1MQACAAABU1E2V0pPMEdOVUpHRlU4TEhWVgACAAABSEsxNE8xQVNBTlBZSE9ORkxMUQACAUdQZSBTT1g2LUNUWE5EMSBHQUJBAAABNkVXQlNFSjRZRlZHS0kyQVBCTAACAAAEAQAChebihoaWQSADh2hhMoagk4YEV01QOE5NSjVEOFhPMUFPSTFMOQAFgdih64S2EZmE2pRdhQKGhgYABwAABQIBU09YNgAAAUtDTkExAAAGAQECSEsxNE8xQVNBTlBZSE9ORkxMUQADfgAAAAQAAAhIWkVZWFNRT0VETkQyUTZNOTdNAAlQT1oySENQQlQ2MERTREo4VUE3AAoACwE2VDk2MjYwMTI2VFY0S0xHRFhHAAJDUkVIUkNLMllYUldKSzJKMEFMAAMBBAEAAiMwMDAwMDAAA8gBAAUBAQIjMDAwMDAwAAPIAQAAAAFFSVVBTFBZTkdaNVZVN1kyWTAyAAJRWlEyUUJNVTRUNUk0N0QxSzRGAAMFAUUzSEdCWUhSQzk4R0E2Rlc5RjYAAgAAATNYQk9GQlIzMDJFWUMwVVFENTEAAgAAAVNRNldKTzBHTlVKR0ZVOExIVlYAAgAAAUhLMTRPMUFTQU5QWUhPTkZMTFEAAgFHUGUgU09YNi1DVFhORDEgR0FCQQAAATZFV0JTRUo0WUZWR0tJMkFQQkwAAgAABAEBAoEi0luBCLU%2BA4Re3WaD6nvJAAUCAVNPWDYAAAFLQ05BMQAABgEBAkhLMTRPMUFTQU5QWUhPTkZMTFEAA34AAAAEAAAIRlRMQVVPVjZTTEIwNzFTVk5VOQAJUE9aMkhDUEJUNjBEU0RKOFVBNwAKAAsBbm9uZQACbm9uZQADAQQBAAIjMDAwMDAwAAPIAQAFAQECIzAwMDAwMAADyAEAAAACCAA%3D	markers in reference data on Allen Brain Cell Atlas
http://purl.obolibrary.org/obo/PCL_0160932	SN GATA3-PAX8 GABA	NCBIGene:5079|NCBIGene:64919|NCBIGene:11281	PAX5, BCL11B, POU6F2	Primate	DHBA:10332	SO:0001260			CAS evidence				SN GATA3-PAX8 GABA	Group	https://dev-knowledge.brain-map.org/abcatlas#AQQBTlhKOU5aQVFBNU1FSFFOT1dKUQACVEdCUTJGRVYyN04wQ1BMS1ZBWgADBQFFM0hHQllIUkM5OEdBNkZXOUY2AAIAAAEzWEJPRkJSMzAyRVlDMFVRRDUxAAIAAAFTUTZXSk8wR05VSkdGVThMSFZWAAIAAAFISzE0TzFBU0FOUFlIT05GTExRAAIBU04gR0FUQTMtUEFYOCBHQUJBAAABNkVXQlNFSjRZRlZHS0kyQVBCTAACAAAEAQAChMpFmYR%2BVoYDhQxy%2FoU8XEUEV01QOE5NSjVEOFhPMUFPSTFMOQAFg2xvMYI24kGDwAnEgzgCUgAFAwFQQVg1AAABQkNMMTFCAAABUE9VNkYyAAAGAQECSEsxNE8xQVNBTlBZSE9ORkxMUQADfgAAAAQAAAhJQTZZNlNON1FaU0lFSjBGWjBVAAlQT1oySENQQlQ2MERTREo4VUE3AAoACwE3NDE2QjVYSkRTWTBIREY5M1JPAAJDUkVIUkNLMllYUldKSzJKMEFMAAMBBAEAAiMwMDAwMDAAA8gBAAUBAQIjMDAwMDAwAAPIAQAAAAFWTTRFNko5RFBZWUQ3RTBCSE5CAAJLR1pMQVdJUENSNFc5OEY1TEQ2AAMFAUUzSEdCWUhSQzk4R0E2Rlc5RjYAAgAAATNYQk9GQlIzMDJFWUMwVVFENTEAAgAAAVNRNldKTzBHTlVKR0ZVOExIVlYAAgAAAUhLMTRPMUFTQU5QWUhPTkZMTFEAAgFTTiBHQVRBMy1QQVg4IEdBQkEAAAE2RVdCU0VKNFlGVkdLSTJBUEJMAAIAAAQBAAKF%2FlmIhY7XHwOGCqZOhfScqgRXTVA4Tk1KNUQ4WE8xQU9JMUw5AAWEFMQWg4zFUoRiab%2BEtOdLBgAHAAAFAwFQQVg1AAABQkNMMTFCAAABUE9VNkYyAAAGAQECSEsxNE8xQVNBTlBZSE9ORkxMUQADfgAAAAQAAAg5QVVURTlTMTBLQUVDMlVaTzMxAAlQT1oySENQQlQ2MERTREo4VUE3AAoACwFZM1AxSk0xRU5DR1dFVzhVU1RWAAJDUkVIUkNLMllYUldKSzJKMEFMAAMBBAEAAiMwMDAwMDAAA8gBAAUBAQIjMDAwMDAwAAPIAQAAAAEzQ1BJUDI4MDRTQkRYMURYMVJXAAJTNUtRVEZIQ1JLSFZaVlJSNUhSAAMFAUUzSEdCWUhSQzk4R0E2Rlc5RjYAAgAAATNYQk9GQlIzMDJFWUMwVVFENTEAAgAAAVNRNldKTzBHTlVKR0ZVOExIVlYAAgAAAUhLMTRPMUFTQU5QWUhPTkZMTFEAAgFTTiBHQVRBMy1QQVg4IEdBQkEAAAE2RVdCU0VKNFlGVkdLSTJBUEJMAAIAAAQBAAKF5uKGhpZBIAOHaGEyhqCThgRXTVA4Tk1KNUQ4WE8xQU9JMUw5AAWB2KHrhLYRmYTalF2FAoaGBgAHAAAFAwFQQVg1AAABQkNMMTFCAAABUE9VNkYyAAAGAQECSEsxNE8xQVNBTlBZSE9ORkxMUQADfgAAAAQAAAhIWkVZWFNRT0VETkQyUTZNOTdNAAlQT1oySENQQlQ2MERTREo4VUE3AAoACwE2VDk2MjYwMTI2VFY0S0xHRFhHAAJDUkVIUkNLMllYUldKSzJKMEFMAAMBBAEAAiMwMDAwMDAAA8gBAAUBAQIjMDAwMDAwAAPIAQAAAAFFSVVBTFBZTkdaNVZVN1kyWTAyAAJRWlEyUUJNVTRUNUk0N0QxSzRGAAMFAUUzSEdCWUhSQzk4R0E2Rlc5RjYAAgAAATNYQk9GQlIzMDJFWUMwVVFENTEAAgAAAVNRNldKTzBHTlVKR0ZVOExIVlYAAgAAAUhLMTRPMUFTQU5QWUhPTkZMTFEAAgFTTiBHQVRBMy1QQVg4IEdBQkEAAAE2RVdCU0VKNFlGVkdLSTJBUEJMAAIAAAQBAQKBItJbgQi1PgOEXt1mg%2Bp7yQAFAwFQQVg1AAABQkNMMTFCAAABUE9VNkYyAAAGAQECSEsxNE8xQVNBTlBZSE9ORkxMUQADfgAAAAQAAAhGVExBVU9WNlNMQjA3MVNWTlU5AAlQT1oySENQQlQ2MERTREo4VUE3AAoACwFub25lAAJub25lAAMBBAEAAiMwMDAwMDAAA8gBAAUBAQIjMDAwMDAwAAPIAQAAAAIIAA%3D%3D	markers in reference data on Allen Brain Cell Atlas
http://purl.obolibrary.org/obo/PCL_0160947	CN VIP GABA	NCBIGene:7432	VIP	Primate	DHBA:10332	SO:0001260			CAS evidence				CN VIP GABA	Subclass	https://dev-knowledge.brain-map.org/abcatlas#AQQBTlhKOU5aQVFBNU1FSFFOT1dKUQACVEdCUTJGRVYyN04wQ1BMS1ZBWgADBQFFM0hHQllIUkM5OEdBNkZXOUY2AAIAAAEzWEJPRkJSMzAyRVlDMFVRRDUxAAIAAAFTUTZXSk8wR05VSkdGVThMSFZWAAIBQ04gVklQIEdBQkEAAAFISzE0TzFBU0FOUFlIT05GTExRAAIAAAE2RVdCU0VKNFlGVkdLSTJBUEJMAAIAAAQBAAKEykWZhH5WhgOFDHL%2BhTxcRQRXTVA4Tk1KNUQ4WE8xQU9JMUw5AAWDbG8xgjbiQYPACcSDOAJSAAUBAVZJUAAABgEBAlNRNldKTzBHTlVKR0ZVOExIVlYAA34AAAAEAAAISUE2WTZTTjdRWlNJRUowRlowVQAJUE9aMkhDUEJUNjBEU0RKOFVBNwAKAAsBNzQxNkI1WEpEU1kwSERGOTNSTwACQ1JFSFJDSzJZWFJXSksySjBBTAADAQQBAAIjMDAwMDAwAAPIAQAFAQECIzAwMDAwMAADyAEAAAABVk00RTZKOURQWVlEN0UwQkhOQgACS0daTEFXSVBDUjRXOThGNUxENgADBQFFM0hHQllIUkM5OEdBNkZXOUY2AAIAAAEzWEJPRkJSMzAyRVlDMFVRRDUxAAIAAAFTUTZXSk8wR05VSkdGVThMSFZWAAIBQ04gVklQIEdBQkEAAAFISzE0TzFBU0FOUFlIT05GTExRAAIAAAE2RVdCU0VKNFlGVkdLSTJBUEJMAAIAAAQBAAKF%2FlmIhY7XHwOGCqZOhfScqgRXTVA4Tk1KNUQ4WE8xQU9JMUw5AAWEFMQWg4zFUoRiab%2BEtOdLBgAHAAAFAQFWSVAAAAYBAQJTUTZXSk8wR05VSkdGVThMSFZWAAN%2BAAAABAAACDlBVVRFOVMxMEtBRUMyVVpPMzEACVBPWjJIQ1BCVDYwRFNESjhVQTcACgALAVkzUDFKTTFFTkNHV0VXOFVTVFYAAkNSRUhSQ0syWVhSV0pLMkowQUwAAwEEAQACIzAwMDAwMAADyAEABQEBAiMwMDAwMDAAA8gBAAAAATNDUElQMjgwNFNCRFgxRFgxUlcAAlM1S1FURkhDUktIVlpWUlI1SFIAAwUBRTNIR0JZSFJDOThHQTZGVzlGNgACAAABM1hCT0ZCUjMwMkVZQzBVUUQ1MQACAAABU1E2V0pPMEdOVUpHRlU4TEhWVgACAUNOIFZJUCBHQUJBAAABSEsxNE8xQVNBTlBZSE9ORkxMUQACAAABNkVXQlNFSjRZRlZHS0kyQVBCTAACAAAEAQAChebihoaWQSADh2hhMoagk4YEV01QOE5NSjVEOFhPMUFPSTFMOQAFgdih64S2EZmE2pRdhQKGhgYABwAABQEBVklQAAAGAQECU1E2V0pPMEdOVUpHRlU4TEhWVgADfgAAAAQAAAhIWkVZWFNRT0VETkQyUTZNOTdNAAlQT1oySENQQlQ2MERTREo4VUE3AAoACwE2VDk2MjYwMTI2VFY0S0xHRFhHAAJDUkVIUkNLMllYUldKSzJKMEFMAAMBBAEAAiMwMDAwMDAAA8gBAAUBAQIjMDAwMDAwAAPIAQAAAAFFSVVBTFBZTkdaNVZVN1kyWTAyAAJRWlEyUUJNVTRUNUk0N0QxSzRGAAMFAUUzSEdCWUhSQzk4R0E2Rlc5RjYAAgAAATNYQk9GQlIzMDJFWUMwVVFENTEAAgAAAVNRNldKTzBHTlVKR0ZVOExIVlYAAgFDTiBWSVAgR0FCQQAAAUhLMTRPMUFTQU5QWUhPTkZMTFEAAgAAATZFV0JTRUo0WUZWR0tJMkFQQkwAAgAABAEBAoEi0luBCLU%2BA4Re3WaD6nvJAAUBAVZJUAAABgEBAlNRNldKTzBHTlVKR0ZVOExIVlYAA34AAAAEAAAIRlRMQVVPVjZTTEIwNzFTVk5VOQAJUE9aMkhDUEJUNjBEU0RKOFVBNwAKAAsBbm9uZQACbm9uZQADAQQBAAIjMDAwMDAwAAPIAQAFAQECIzAwMDAwMAADyAEAAAACCAA%3D	markers in reference data on Allen Brain Cell Atlas
http://purl.obolibrary.org/obo/PCL_0160904	CN LAMP5-CXCL14 GABA	NCBIGene:24141|NCBIGene:9547	LAMP5, CXCL14	Primate	DHBA:10332	SO:0001260			CAS evidence				CN LAMP5-CXCL14 GABA	Subclass	https://dev-knowledge.brain-map.org/abcatlas#AQQBTlhKOU5aQVFBNU1FSFFOT1dKUQACVEdCUTJGRVYyN04wQ1BMS1ZBWgADBQFFM0hHQllIUkM5OEdBNkZXOUY2AAIAAAEzWEJPRkJSMzAyRVlDMFVRRDUxAAIAAAFTUTZXSk8wR05VSkdGVThMSFZWAAIBQ04gTEFNUDUtQ1hDTDE0IEdBQkEAAAFISzE0TzFBU0FOUFlIT05GTExRAAIAAAE2RVdCU0VKNFlGVkdLSTJBUEJMAAIAAAQBAAKEykWZhH5WhgOFDHL%2BhTxcRQRXTVA4Tk1KNUQ4WE8xQU9JMUw5AAWDbG8xgjbiQYPACcSDOAJSAAUCAUxBTVA1AAABQ1hDTDE0AAAGAQECU1E2V0pPMEdOVUpHRlU4TEhWVgADfgAAAAQAAAhJQTZZNlNON1FaU0lFSjBGWjBVAAlQT1oySENQQlQ2MERTREo4VUE3AAoACwE3NDE2QjVYSkRTWTBIREY5M1JPAAJDUkVIUkNLMllYUldKSzJKMEFMAAMBBAEAAiMwMDAwMDAAA8gBAAUBAQIjMDAwMDAwAAPIAQAAAAFWTTRFNko5RFBZWUQ3RTBCSE5CAAJLR1pMQVdJUENSNFc5OEY1TEQ2AAMFAUUzSEdCWUhSQzk4R0E2Rlc5RjYAAgAAATNYQk9GQlIzMDJFWUMwVVFENTEAAgAAAVNRNldKTzBHTlVKR0ZVOExIVlYAAgFDTiBMQU1QNS1DWENMMTQgR0FCQQAAAUhLMTRPMUFTQU5QWUhPTkZMTFEAAgAAATZFV0JTRUo0WUZWR0tJMkFQQkwAAgAABAEAAoX%2BWYiFjtcfA4YKpk6F9JyqBFdNUDhOTUo1RDhYTzFBT0kxTDkABYQUxBaDjMVShGJpv4S050sGAAcAAAUCAUxBTVA1AAABQ1hDTDE0AAAGAQECU1E2V0pPMEdOVUpHRlU4TEhWVgADfgAAAAQAAAg5QVVURTlTMTBLQUVDMlVaTzMxAAlQT1oySENQQlQ2MERTREo4VUE3AAoACwFZM1AxSk0xRU5DR1dFVzhVU1RWAAJDUkVIUkNLMllYUldKSzJKMEFMAAMBBAEAAiMwMDAwMDAAA8gBAAUBAQIjMDAwMDAwAAPIAQAAAAEzQ1BJUDI4MDRTQkRYMURYMVJXAAJTNUtRVEZIQ1JLSFZaVlJSNUhSAAMFAUUzSEdCWUhSQzk4R0E2Rlc5RjYAAgAAATNYQk9GQlIzMDJFWUMwVVFENTEAAgAAAVNRNldKTzBHTlVKR0ZVOExIVlYAAgFDTiBMQU1QNS1DWENMMTQgR0FCQQAAAUhLMTRPMUFTQU5QWUhPTkZMTFEAAgAAATZFV0JTRUo0WUZWR0tJMkFQQkwAAgAABAEAAoXm4oaGlkEgA4doYTKGoJOGBFdNUDhOTUo1RDhYTzFBT0kxTDkABYHYoeuEthGZhNqUXYUChoYGAAcAAAUCAUxBTVA1AAABQ1hDTDE0AAAGAQECU1E2V0pPMEdOVUpHRlU4TEhWVgADfgAAAAQAAAhIWkVZWFNRT0VETkQyUTZNOTdNAAlQT1oySENQQlQ2MERTREo4VUE3AAoACwE2VDk2MjYwMTI2VFY0S0xHRFhHAAJDUkVIUkNLMllYUldKSzJKMEFMAAMBBAEAAiMwMDAwMDAAA8gBAAUBAQIjMDAwMDAwAAPIAQAAAAFFSVVBTFBZTkdaNVZVN1kyWTAyAAJRWlEyUUJNVTRUNUk0N0QxSzRGAAMFAUUzSEdCWUhSQzk4R0E2Rlc5RjYAAgAAATNYQk9GQlIzMDJFWUMwVVFENTEAAgAAAVNRNldKTzBHTlVKR0ZVOExIVlYAAgFDTiBMQU1QNS1DWENMMTQgR0FCQQAAAUhLMTRPMUFTQU5QWUhPTkZMTFEAAgAAATZFV0JTRUo0WUZWR0tJMkFQQkwAAgAABAEBAoEi0luBCLU%2BA4Re3WaD6nvJAAUCAUxBTVA1AAABQ1hDTDE0AAAGAQECU1E2V0pPMEdOVUpHRlU4TEhWVgADfgAAAAQAAAhGVExBVU9WNlNMQjA3MVNWTlU5AAlQT1oySENQQlQ2MERTREo4VUE3AAoACwFub25lAAJub25lAAMBBAEAAiMwMDAwMDAAA8gBAAUBAQIjMDAwMDAwAAPIAQAAAAIIAA%3D%3D	markers in reference data on Allen Brain Cell Atlas
http://purl.obolibrary.org/obo/PCL_0160943	STR SST-CHODL GABA	NCBIGene:4852	NPY	Primate	DHBA:10332	SO:0001260			CAS evidence				STR SST-CHODL GABA	Subclass	https://dev-knowledge.brain-map.org/abcatlas#AQQBTlhKOU5aQVFBNU1FSFFOT1dKUQACVEdCUTJGRVYyN04wQ1BMS1ZBWgADBQFFM0hHQllIUkM5OEdBNkZXOUY2AAIAAAEzWEJPRkJSMzAyRVlDMFVRRDUxAAIAAAFTUTZXSk8wR05VSkdGVThMSFZWAAIBU1RSIFNTVC1DSE9ETCBHQUJBAAABSEsxNE8xQVNBTlBZSE9ORkxMUQACAAABNkVXQlNFSjRZRlZHS0kyQVBCTAACAAAEAQAChMpFmYR%2BVoYDhQxy%2FoU8XEUEV01QOE5NSjVEOFhPMUFPSTFMOQAFg2xvMYI24kGDwAnEgzgCUgAFAQFOUFkAAAYBAQJTUTZXSk8wR05VSkdGVThMSFZWAAN%2BAAAABAAACElBNlk2U043UVpTSUVKMEZaMFUACVBPWjJIQ1BCVDYwRFNESjhVQTcACgALATc0MTZCNVhKRFNZMEhERjkzUk8AAkNSRUhSQ0syWVhSV0pLMkowQUwAAwEEAQACIzAwMDAwMAADyAEABQEBAiMwMDAwMDAAA8gBAAAAAVZNNEU2SjlEUFlZRDdFMEJITkIAAktHWkxBV0lQQ1I0Vzk4RjVMRDYAAwUBRTNIR0JZSFJDOThHQTZGVzlGNgACAAABM1hCT0ZCUjMwMkVZQzBVUUQ1MQACAAABU1E2V0pPMEdOVUpHRlU4TEhWVgACAVNUUiBTU1QtQ0hPREwgR0FCQQAAAUhLMTRPMUFTQU5QWUhPTkZMTFEAAgAAATZFV0JTRUo0WUZWR0tJMkFQQkwAAgAABAEAAoX%2BWYiFjtcfA4YKpk6F9JyqBFdNUDhOTUo1RDhYTzFBT0kxTDkABYQUxBaDjMVShGJpv4S050sGAAcAAAUBAU5QWQAABgEBAlNRNldKTzBHTlVKR0ZVOExIVlYAA34AAAAEAAAIOUFVVEU5UzEwS0FFQzJVWk8zMQAJUE9aMkhDUEJUNjBEU0RKOFVBNwAKAAsBWTNQMUpNMUVOQ0dXRVc4VVNUVgACQ1JFSFJDSzJZWFJXSksySjBBTAADAQQBAAIjMDAwMDAwAAPIAQAFAQECIzAwMDAwMAADyAEAAAABM0NQSVAyODA0U0JEWDFEWDFSVwACUzVLUVRGSENSS0hWWlZSUjVIUgADBQFFM0hHQllIUkM5OEdBNkZXOUY2AAIAAAEzWEJPRkJSMzAyRVlDMFVRRDUxAAIAAAFTUTZXSk8wR05VSkdGVThMSFZWAAIBU1RSIFNTVC1DSE9ETCBHQUJBAAABSEsxNE8xQVNBTlBZSE9ORkxMUQACAAABNkVXQlNFSjRZRlZHS0kyQVBCTAACAAAEAQAChebihoaWQSADh2hhMoagk4YEV01QOE5NSjVEOFhPMUFPSTFMOQAFgdih64S2EZmE2pRdhQKGhgYABwAABQEBTlBZAAAGAQECU1E2V0pPMEdOVUpHRlU4TEhWVgADfgAAAAQAAAhIWkVZWFNRT0VETkQyUTZNOTdNAAlQT1oySENQQlQ2MERTREo4VUE3AAoACwE2VDk2MjYwMTI2VFY0S0xHRFhHAAJDUkVIUkNLMllYUldKSzJKMEFMAAMBBAEAAiMwMDAwMDAAA8gBAAUBAQIjMDAwMDAwAAPIAQAAAAFFSVVBTFBZTkdaNVZVN1kyWTAyAAJRWlEyUUJNVTRUNUk0N0QxSzRGAAMFAUUzSEdCWUhSQzk4R0E2Rlc5RjYAAgAAATNYQk9GQlIzMDJFWUMwVVFENTEAAgAAAVNRNldKTzBHTlVKR0ZVOExIVlYAAgFTVFIgU1NULUNIT0RMIEdBQkEAAAFISzE0TzFBU0FOUFlIT05GTExRAAIAAAE2RVdCU0VKNFlGVkdLSTJBUEJMAAIAAAQBAQKBItJbgQi1PgOEXt1mg%2Bp7yQAFAQFOUFkAAAYBAQJTUTZXSk8wR05VSkdGVThMSFZWAAN%2BAAAABAAACEZUTEFVT1Y2U0xCMDcxU1ZOVTkACVBPWjJIQ1BCVDYwRFNESjhVQTcACgALAW5vbmUAAm5vbmUAAwEEAQACIzAwMDAwMAADyAEABQEBAiMwMDAwMDAAA8gBAAAAAggA	markers in reference data on Allen Brain Cell Atlas
http://purl.obolibrary.org/obo/PCL_0160905	CN LAMP5-LHX6 GABA	NCBIGene:24141|NCBIGene:26468	LAMP5, LHX6	Primate	DHBA:10332	SO:0001260			CAS evidence				CN LAMP5-LHX6 GABA	Subclass	https://dev-knowledge.brain-map.org/abcatlas#AQQBTlhKOU5aQVFBNU1FSFFOT1dKUQACVEdCUTJGRVYyN04wQ1BMS1ZBWgADBQFFM0hHQllIUkM5OEdBNkZXOUY2AAIAAAEzWEJPRkJSMzAyRVlDMFVRRDUxAAIAAAFTUTZXSk8wR05VSkdGVThMSFZWAAIBQ04gTEFNUDUtTEhYNiBHQUJBAAABSEsxNE8xQVNBTlBZSE9ORkxMUQACAAABNkVXQlNFSjRZRlZHS0kyQVBCTAACAAAEAQAChMpFmYR%2BVoYDhQxy%2FoU8XEUEV01QOE5NSjVEOFhPMUFPSTFMOQAFg2xvMYI24kGDwAnEgzgCUgAFAgFMQU1QNQAAAUxIWDYAAAYBAQJTUTZXSk8wR05VSkdGVThMSFZWAAN%2BAAAABAAACElBNlk2U043UVpTSUVKMEZaMFUACVBPWjJIQ1BCVDYwRFNESjhVQTcACgALATc0MTZCNVhKRFNZMEhERjkzUk8AAkNSRUhSQ0syWVhSV0pLMkowQUwAAwEEAQACIzAwMDAwMAADyAEABQEBAiMwMDAwMDAAA8gBAAAAAVZNNEU2SjlEUFlZRDdFMEJITkIAAktHWkxBV0lQQ1I0Vzk4RjVMRDYAAwUBRTNIR0JZSFJDOThHQTZGVzlGNgACAAABM1hCT0ZCUjMwMkVZQzBVUUQ1MQACAAABU1E2V0pPMEdOVUpHRlU4TEhWVgACAUNOIExBTVA1LUxIWDYgR0FCQQAAAUhLMTRPMUFTQU5QWUhPTkZMTFEAAgAAATZFV0JTRUo0WUZWR0tJMkFQQkwAAgAABAEAAoX%2BWYiFjtcfA4YKpk6F9JyqBFdNUDhOTUo1RDhYTzFBT0kxTDkABYQUxBaDjMVShGJpv4S050sGAAcAAAUCAUxBTVA1AAABTEhYNgAABgEBAlNRNldKTzBHTlVKR0ZVOExIVlYAA34AAAAEAAAIOUFVVEU5UzEwS0FFQzJVWk8zMQAJUE9aMkhDUEJUNjBEU0RKOFVBNwAKAAsBWTNQMUpNMUVOQ0dXRVc4VVNUVgACQ1JFSFJDSzJZWFJXSksySjBBTAADAQQBAAIjMDAwMDAwAAPIAQAFAQECIzAwMDAwMAADyAEAAAABM0NQSVAyODA0U0JEWDFEWDFSVwACUzVLUVRGSENSS0hWWlZSUjVIUgADBQFFM0hHQllIUkM5OEdBNkZXOUY2AAIAAAEzWEJPRkJSMzAyRVlDMFVRRDUxAAIAAAFTUTZXSk8wR05VSkdGVThMSFZWAAIBQ04gTEFNUDUtTEhYNiBHQUJBAAABSEsxNE8xQVNBTlBZSE9ORkxMUQACAAABNkVXQlNFSjRZRlZHS0kyQVBCTAACAAAEAQAChebihoaWQSADh2hhMoagk4YEV01QOE5NSjVEOFhPMUFPSTFMOQAFgdih64S2EZmE2pRdhQKGhgYABwAABQIBTEFNUDUAAAFMSFg2AAAGAQECU1E2V0pPMEdOVUpHRlU4TEhWVgADfgAAAAQAAAhIWkVZWFNRT0VETkQyUTZNOTdNAAlQT1oySENQQlQ2MERTREo4VUE3AAoACwE2VDk2MjYwMTI2VFY0S0xHRFhHAAJDUkVIUkNLMllYUldKSzJKMEFMAAMBBAEAAiMwMDAwMDAAA8gBAAUBAQIjMDAwMDAwAAPIAQAAAAFFSVVBTFBZTkdaNVZVN1kyWTAyAAJRWlEyUUJNVTRUNUk0N0QxSzRGAAMFAUUzSEdCWUhSQzk4R0E2Rlc5RjYAAgAAATNYQk9GQlIzMDJFWUMwVVFENTEAAgAAAVNRNldKTzBHTlVKR0ZVOExIVlYAAgFDTiBMQU1QNS1MSFg2IEdBQkEAAAFISzE0TzFBU0FOUFlIT05GTExRAAIAAAE2RVdCU0VKNFlGVkdLSTJBUEJMAAIAAAQBAQKBItJbgQi1PgOEXt1mg%2Bp7yQAFAgFMQU1QNQAAAUxIWDYAAAYBAQJTUTZXSk8wR05VSkdGVThMSFZWAAN%2BAAAABAAACEZUTEFVT1Y2U0xCMDcxU1ZOVTkACVBPWjJIQ1BCVDYwRFNESjhVQTcACgALAW5vbmUAAm5vbmUAAwEEAQACIzAwMDAwMAADyAEABQEBAiMwMDAwMDAAA8gBAAAAAggA	markers in reference data on Allen Brain Cell Atlas
http://purl.obolibrary.org/obo/PCL_0160940	STR FS PTHLH-PVALB GABA	NCBIGene:9705|NCBIGene:5744|NCBIGene:1310	ST18, PTHLH, COL19A1	Primate	DHBA:10332	SO:0001260			CAS evidence				STR FS PTHLH-PVALB GABA	Group	https://dev-knowledge.brain-map.org/abcatlas#AQQBTlhKOU5aQVFBNU1FSFFOT1dKUQACVEdCUTJGRVYyN04wQ1BMS1ZBWgADBQFFM0hHQllIUkM5OEdBNkZXOUY2AAIAAAEzWEJPRkJSMzAyRVlDMFVRRDUxAAIAAAFTUTZXSk8wR05VSkdGVThMSFZWAAIAAAFISzE0TzFBU0FOUFlIT05GTExRAAIBU1RSIEZTIFBUSExILVBWQUxCIEdBQkEAAAE2RVdCU0VKNFlGVkdLSTJBUEJMAAIAAAQBAAKEykWZhH5WhgOFDHL%2BhTxcRQRXTVA4Tk1KNUQ4WE8xQU9JMUw5AAWDbG8xgjbiQYPACcSDOAJSAAUDAVNUMTgAAAFQVEhMSAAAAUNPTDE5QTEAAAYBAQJISzE0TzFBU0FOUFlIT05GTExRAAN%2BAAAABAAACElBNlk2U043UVpTSUVKMEZaMFUACVBPWjJIQ1BCVDYwRFNESjhVQTcACgALATc0MTZCNVhKRFNZMEhERjkzUk8AAkNSRUhSQ0syWVhSV0pLMkowQUwAAwEEAQACIzAwMDAwMAADyAEABQEBAiMwMDAwMDAAA8gBAAAAAVZNNEU2SjlEUFlZRDdFMEJITkIAAktHWkxBV0lQQ1I0Vzk4RjVMRDYAAwUBRTNIR0JZSFJDOThHQTZGVzlGNgACAAABM1hCT0ZCUjMwMkVZQzBVUUQ1MQACAAABU1E2V0pPMEdOVUpHRlU4TEhWVgACAAABSEsxNE8xQVNBTlBZSE9ORkxMUQACAVNUUiBGUyBQVEhMSC1QVkFMQiBHQUJBAAABNkVXQlNFSjRZRlZHS0kyQVBCTAACAAAEAQAChf5ZiIWO1x8DhgqmToX0nKoEV01QOE5NSjVEOFhPMUFPSTFMOQAFhBTEFoOMxVKEYmm%2FhLTnSwYABwAABQMBU1QxOAAAAVBUSExIAAABQ09MMTlBMQAABgEBAkhLMTRPMUFTQU5QWUhPTkZMTFEAA34AAAAEAAAIOUFVVEU5UzEwS0FFQzJVWk8zMQAJUE9aMkhDUEJUNjBEU0RKOFVBNwAKAAsBWTNQMUpNMUVOQ0dXRVc4VVNUVgACQ1JFSFJDSzJZWFJXSksySjBBTAADAQQBAAIjMDAwMDAwAAPIAQAFAQECIzAwMDAwMAADyAEAAAABM0NQSVAyODA0U0JEWDFEWDFSVwACUzVLUVRGSENSS0hWWlZSUjVIUgADBQFFM0hHQllIUkM5OEdBNkZXOUY2AAIAAAEzWEJPRkJSMzAyRVlDMFVRRDUxAAIAAAFTUTZXSk8wR05VSkdGVThMSFZWAAIAAAFISzE0TzFBU0FOUFlIT05GTExRAAIBU1RSIEZTIFBUSExILVBWQUxCIEdBQkEAAAE2RVdCU0VKNFlGVkdLSTJBUEJMAAIAAAQBAAKF5uKGhpZBIAOHaGEyhqCThgRXTVA4Tk1KNUQ4WE8xQU9JMUw5AAWB2KHrhLYRmYTalF2FAoaGBgAHAAAFAwFTVDE4AAABUFRITEgAAAFDT0wxOUExAAAGAQECSEsxNE8xQVNBTlBZSE9ORkxMUQADfgAAAAQAAAhIWkVZWFNRT0VETkQyUTZNOTdNAAlQT1oySENQQlQ2MERTREo4VUE3AAoACwE2VDk2MjYwMTI2VFY0S0xHRFhHAAJDUkVIUkNLMllYUldKSzJKMEFMAAMBBAEAAiMwMDAwMDAAA8gBAAUBAQIjMDAwMDAwAAPIAQAAAAFFSVVBTFBZTkdaNVZVN1kyWTAyAAJRWlEyUUJNVTRUNUk0N0QxSzRGAAMFAUUzSEdCWUhSQzk4R0E2Rlc5RjYAAgAAATNYQk9GQlIzMDJFWUMwVVFENTEAAgAAAVNRNldKTzBHTlVKR0ZVOExIVlYAAgAAAUhLMTRPMUFTQU5QWUhPTkZMTFEAAgFTVFIgRlMgUFRITEgtUFZBTEIgR0FCQQAAATZFV0JTRUo0WUZWR0tJMkFQQkwAAgAABAEBAoEi0luBCLU%2BA4Re3WaD6nvJAAUDAVNUMTgAAAFQVEhMSAAAAUNPTDE5QTEAAAYBAQJISzE0TzFBU0FOUFlIT05GTExRAAN%2BAAAABAAACEZUTEFVT1Y2U0xCMDcxU1ZOVTkACVBPWjJIQ1BCVDYwRFNESjhVQTcACgALAW5vbmUAAm5vbmUAAwEEAQACIzAwMDAwMAADyAEABQEBAiMwMDAwMDAAA8gBAAAAAggA	markers in reference data on Allen Brain Cell Atlas
http://purl.obolibrary.org/obo/PCL_0160945	STR TAC3-PLPP4 GABA	NCBIGene:9705	ST18	Primate	DHBA:10332	SO:0001260			CAS evidence				STR TAC3-PLPP4 GABA	Group	https://dev-knowledge.brain-map.org/abcatlas#AQQBTlhKOU5aQVFBNU1FSFFOT1dKUQACVEdCUTJGRVYyN04wQ1BMS1ZBWgADBQFFM0hHQllIUkM5OEdBNkZXOUY2AAIAAAEzWEJPRkJSMzAyRVlDMFVRRDUxAAIAAAFTUTZXSk8wR05VSkdGVThMSFZWAAIAAAFISzE0TzFBU0FOUFlIT05GTExRAAIBU1RSIFRBQzMtUExQUDQgR0FCQQAAATZFV0JTRUo0WUZWR0tJMkFQQkwAAgAABAEAAoTKRZmEflaGA4UMcv6FPFxFBFdNUDhOTUo1RDhYTzFBT0kxTDkABYNsbzGCNuJBg8AJxIM4AlIABQEBU1QxOAAABgEBAkhLMTRPMUFTQU5QWUhPTkZMTFEAA34AAAAEAAAISUE2WTZTTjdRWlNJRUowRlowVQAJUE9aMkhDUEJUNjBEU0RKOFVBNwAKAAsBNzQxNkI1WEpEU1kwSERGOTNSTwACQ1JFSFJDSzJZWFJXSksySjBBTAADAQQBAAIjMDAwMDAwAAPIAQAFAQECIzAwMDAwMAADyAEAAAABVk00RTZKOURQWVlEN0UwQkhOQgACS0daTEFXSVBDUjRXOThGNUxENgADBQFFM0hHQllIUkM5OEdBNkZXOUY2AAIAAAEzWEJPRkJSMzAyRVlDMFVRRDUxAAIAAAFTUTZXSk8wR05VSkdGVThMSFZWAAIAAAFISzE0TzFBU0FOUFlIT05GTExRAAIBU1RSIFRBQzMtUExQUDQgR0FCQQAAATZFV0JTRUo0WUZWR0tJMkFQQkwAAgAABAEAAoX%2BWYiFjtcfA4YKpk6F9JyqBFdNUDhOTUo1RDhYTzFBT0kxTDkABYQUxBaDjMVShGJpv4S050sGAAcAAAUBAVNUMTgAAAYBAQJISzE0TzFBU0FOUFlIT05GTExRAAN%2BAAAABAAACDlBVVRFOVMxMEtBRUMyVVpPMzEACVBPWjJIQ1BCVDYwRFNESjhVQTcACgALAVkzUDFKTTFFTkNHV0VXOFVTVFYAAkNSRUhSQ0syWVhSV0pLMkowQUwAAwEEAQACIzAwMDAwMAADyAEABQEBAiMwMDAwMDAAA8gBAAAAATNDUElQMjgwNFNCRFgxRFgxUlcAAlM1S1FURkhDUktIVlpWUlI1SFIAAwUBRTNIR0JZSFJDOThHQTZGVzlGNgACAAABM1hCT0ZCUjMwMkVZQzBVUUQ1MQACAAABU1E2V0pPMEdOVUpHRlU4TEhWVgACAAABSEsxNE8xQVNBTlBZSE9ORkxMUQACAVNUUiBUQUMzLVBMUFA0IEdBQkEAAAE2RVdCU0VKNFlGVkdLSTJBUEJMAAIAAAQBAAKF5uKGhpZBIAOHaGEyhqCThgRXTVA4Tk1KNUQ4WE8xQU9JMUw5AAWB2KHrhLYRmYTalF2FAoaGBgAHAAAFAQFTVDE4AAAGAQECSEsxNE8xQVNBTlBZSE9ORkxMUQADfgAAAAQAAAhIWkVZWFNRT0VETkQyUTZNOTdNAAlQT1oySENQQlQ2MERTREo4VUE3AAoACwE2VDk2MjYwMTI2VFY0S0xHRFhHAAJDUkVIUkNLMllYUldKSzJKMEFMAAMBBAEAAiMwMDAwMDAAA8gBAAUBAQIjMDAwMDAwAAPIAQAAAAFFSVVBTFBZTkdaNVZVN1kyWTAyAAJRWlEyUUJNVTRUNUk0N0QxSzRGAAMFAUUzSEdCWUhSQzk4R0E2Rlc5RjYAAgAAATNYQk9GQlIzMDJFWUMwVVFENTEAAgAAAVNRNldKTzBHTlVKR0ZVOExIVlYAAgAAAUhLMTRPMUFTQU5QWUhPTkZMTFEAAgFTVFIgVEFDMy1QTFBQNCBHQUJBAAABNkVXQlNFSjRZRlZHS0kyQVBCTAACAAAEAQECgSLSW4EItT4DhF7dZoPqe8kABQEBU1QxOAAABgEBAkhLMTRPMUFTQU5QWUhPTkZMTFEAA34AAAAEAAAIRlRMQVVPVjZTTEIwNzFTVk5VOQAJUE9aMkhDUEJUNjBEU0RKOFVBNwAKAAsBbm9uZQACbm9uZQADAQQBAAIjMDAwMDAwAAPIAQAFAQECIzAwMDAwMAADyAEAAAACCAA%3D	markers in reference data on Allen Brain Cell Atlas
http://purl.obolibrary.org/obo/PCL_0160931	SN-VTR GAD2 Dopa	NCBIGene:7054|NCBIGene:2572	TH, GAD2	Primate	DHBA:10332	SO:0001260			CAS evidence				SN-VTR GAD2 Dopa	Group	https://dev-knowledge.brain-map.org/abcatlas#AQQBTlhKOU5aQVFBNU1FSFFOT1dKUQACVEdCUTJGRVYyN04wQ1BMS1ZBWgADBQFFM0hHQllIUkM5OEdBNkZXOUY2AAIAAAEzWEJPRkJSMzAyRVlDMFVRRDUxAAIAAAFTUTZXSk8wR05VSkdGVThMSFZWAAIAAAFISzE0TzFBU0FOUFlIT05GTExRAAIBU04tVlRSIEdBRDIgRG9wYQAAATZFV0JTRUo0WUZWR0tJMkFQQkwAAgAABAEAAoTKRZmEflaGA4UMcv6FPFxFBFdNUDhOTUo1RDhYTzFBT0kxTDkABYNsbzGCNuJBg8AJxIM4AlIABQIBVEgAAAFHQUQyAAAGAQECSEsxNE8xQVNBTlBZSE9ORkxMUQADfgAAAAQAAAhJQTZZNlNON1FaU0lFSjBGWjBVAAlQT1oySENQQlQ2MERTREo4VUE3AAoACwE3NDE2QjVYSkRTWTBIREY5M1JPAAJDUkVIUkNLMllYUldKSzJKMEFMAAMBBAEAAiMwMDAwMDAAA8gBAAUBAQIjMDAwMDAwAAPIAQAAAAFWTTRFNko5RFBZWUQ3RTBCSE5CAAJLR1pMQVdJUENSNFc5OEY1TEQ2AAMFAUUzSEdCWUhSQzk4R0E2Rlc5RjYAAgAAATNYQk9GQlIzMDJFWUMwVVFENTEAAgAAAVNRNldKTzBHTlVKR0ZVOExIVlYAAgAAAUhLMTRPMUFTQU5QWUhPTkZMTFEAAgFTTi1WVFIgR0FEMiBEb3BhAAABNkVXQlNFSjRZRlZHS0kyQVBCTAACAAAEAQAChf5ZiIWO1x8DhgqmToX0nKoEV01QOE5NSjVEOFhPMUFPSTFMOQAFhBTEFoOMxVKEYmm%2FhLTnSwYABwAABQIBVEgAAAFHQUQyAAAGAQECSEsxNE8xQVNBTlBZSE9ORkxMUQADfgAAAAQAAAg5QVVURTlTMTBLQUVDMlVaTzMxAAlQT1oySENQQlQ2MERTREo4VUE3AAoACwFZM1AxSk0xRU5DR1dFVzhVU1RWAAJDUkVIUkNLMllYUldKSzJKMEFMAAMBBAEAAiMwMDAwMDAAA8gBAAUBAQIjMDAwMDAwAAPIAQAAAAEzQ1BJUDI4MDRTQkRYMURYMVJXAAJTNUtRVEZIQ1JLSFZaVlJSNUhSAAMFAUUzSEdCWUhSQzk4R0E2Rlc5RjYAAgAAATNYQk9GQlIzMDJFWUMwVVFENTEAAgAAAVNRNldKTzBHTlVKR0ZVOExIVlYAAgAAAUhLMTRPMUFTQU5QWUhPTkZMTFEAAgFTTi1WVFIgR0FEMiBEb3BhAAABNkVXQlNFSjRZRlZHS0kyQVBCTAACAAAEAQAChebihoaWQSADh2hhMoagk4YEV01QOE5NSjVEOFhPMUFPSTFMOQAFgdih64S2EZmE2pRdhQKGhgYABwAABQIBVEgAAAFHQUQyAAAGAQECSEsxNE8xQVNBTlBZSE9ORkxMUQADfgAAAAQAAAhIWkVZWFNRT0VETkQyUTZNOTdNAAlQT1oySENQQlQ2MERTREo4VUE3AAoACwE2VDk2MjYwMTI2VFY0S0xHRFhHAAJDUkVIUkNLMllYUldKSzJKMEFMAAMBBAEAAiMwMDAwMDAAA8gBAAUBAQIjMDAwMDAwAAPIAQAAAAFFSVVBTFBZTkdaNVZVN1kyWTAyAAJRWlEyUUJNVTRUNUk0N0QxSzRGAAMFAUUzSEdCWUhSQzk4R0E2Rlc5RjYAAgAAATNYQk9GQlIzMDJFWUMwVVFENTEAAgAAAVNRNldKTzBHTlVKR0ZVOExIVlYAAgAAAUhLMTRPMUFTQU5QWUhPTkZMTFEAAgFTTi1WVFIgR0FEMiBEb3BhAAABNkVXQlNFSjRZRlZHS0kyQVBCTAACAAAEAQECgSLSW4EItT4DhF7dZoPqe8kABQIBVEgAAAFHQUQyAAAGAQECSEsxNE8xQVNBTlBZSE9ORkxMUQADfgAAAAQAAAhGVExBVU9WNlNMQjA3MVNWTlU5AAlQT1oySENQQlQ2MERTREo4VUE3AAoACwFub25lAAJub25lAAMBBAEAAiMwMDAwMDAAA8gBAAUBAQIjMDAwMDAwAAPIAQAAAAIIAA%3D%3D	markers in reference data on Allen Brain Cell Atlas
http://purl.obolibrary.org/obo/PCL_0160935	SN SOX6 Dopa	NCBIGene:7054|NCBIGene:55553	TH, SOX6	Primate	DHBA:10332	SO:0001260			CAS evidence				SN SOX6 Dopa	Group	https://dev-knowledge.brain-map.org/abcatlas#AQQBTlhKOU5aQVFBNU1FSFFOT1dKUQACVEdCUTJGRVYyN04wQ1BMS1ZBWgADBQFFM0hHQllIUkM5OEdBNkZXOUY2AAIAAAEzWEJPRkJSMzAyRVlDMFVRRDUxAAIAAAFTUTZXSk8wR05VSkdGVThMSFZWAAIAAAFISzE0TzFBU0FOUFlIT05GTExRAAIBU04gU09YNiBEb3BhAAABNkVXQlNFSjRZRlZHS0kyQVBCTAACAAAEAQAChMpFmYR%2BVoYDhQxy%2FoU8XEUEV01QOE5NSjVEOFhPMUFPSTFMOQAFg2xvMYI24kGDwAnEgzgCUgAFAgFUSAAAAVNPWDYAAAYBAQJISzE0TzFBU0FOUFlIT05GTExRAAN%2BAAAABAAACElBNlk2U043UVpTSUVKMEZaMFUACVBPWjJIQ1BCVDYwRFNESjhVQTcACgALATc0MTZCNVhKRFNZMEhERjkzUk8AAkNSRUhSQ0syWVhSV0pLMkowQUwAAwEEAQACIzAwMDAwMAADyAEABQEBAiMwMDAwMDAAA8gBAAAAAVZNNEU2SjlEUFlZRDdFMEJITkIAAktHWkxBV0lQQ1I0Vzk4RjVMRDYAAwUBRTNIR0JZSFJDOThHQTZGVzlGNgACAAABM1hCT0ZCUjMwMkVZQzBVUUQ1MQACAAABU1E2V0pPMEdOVUpHRlU4TEhWVgACAAABSEsxNE8xQVNBTlBZSE9ORkxMUQACAVNOIFNPWDYgRG9wYQAAATZFV0JTRUo0WUZWR0tJMkFQQkwAAgAABAEAAoX%2BWYiFjtcfA4YKpk6F9JyqBFdNUDhOTUo1RDhYTzFBT0kxTDkABYQUxBaDjMVShGJpv4S050sGAAcAAAUCAVRIAAABU09YNgAABgEBAkhLMTRPMUFTQU5QWUhPTkZMTFEAA34AAAAEAAAIOUFVVEU5UzEwS0FFQzJVWk8zMQAJUE9aMkhDUEJUNjBEU0RKOFVBNwAKAAsBWTNQMUpNMUVOQ0dXRVc4VVNUVgACQ1JFSFJDSzJZWFJXSksySjBBTAADAQQBAAIjMDAwMDAwAAPIAQAFAQECIzAwMDAwMAADyAEAAAABM0NQSVAyODA0U0JEWDFEWDFSVwACUzVLUVRGSENSS0hWWlZSUjVIUgADBQFFM0hHQllIUkM5OEdBNkZXOUY2AAIAAAEzWEJPRkJSMzAyRVlDMFVRRDUxAAIAAAFTUTZXSk8wR05VSkdGVThMSFZWAAIAAAFISzE0TzFBU0FOUFlIT05GTExRAAIBU04gU09YNiBEb3BhAAABNkVXQlNFSjRZRlZHS0kyQVBCTAACAAAEAQAChebihoaWQSADh2hhMoagk4YEV01QOE5NSjVEOFhPMUFPSTFMOQAFgdih64S2EZmE2pRdhQKGhgYABwAABQIBVEgAAAFTT1g2AAAGAQECSEsxNE8xQVNBTlBZSE9ORkxMUQADfgAAAAQAAAhIWkVZWFNRT0VETkQyUTZNOTdNAAlQT1oySENQQlQ2MERTREo4VUE3AAoACwE2VDk2MjYwMTI2VFY0S0xHRFhHAAJDUkVIUkNLMllYUldKSzJKMEFMAAMBBAEAAiMwMDAwMDAAA8gBAAUBAQIjMDAwMDAwAAPIAQAAAAFFSVVBTFBZTkdaNVZVN1kyWTAyAAJRWlEyUUJNVTRUNUk0N0QxSzRGAAMFAUUzSEdCWUhSQzk4R0E2Rlc5RjYAAgAAATNYQk9GQlIzMDJFWUMwVVFENTEAAgAAAVNRNldKTzBHTlVKR0ZVOExIVlYAAgAAAUhLMTRPMUFTQU5QWUhPTkZMTFEAAgFTTiBTT1g2IERvcGEAAAE2RVdCU0VKNFlGVkdLSTJBUEJMAAIAAAQBAQKBItJbgQi1PgOEXt1mg%2Bp7yQAFAgFUSAAAAVNPWDYAAAYBAQJISzE0TzFBU0FOUFlIT05GTExRAAN%2BAAAABAAACEZUTEFVT1Y2U0xCMDcxU1ZOVTkACVBPWjJIQ1BCVDYwRFNESjhVQTcACgALAW5vbmUAAm5vbmUAAwEEAQACIzAwMDAwMAADyAEABQEBAiMwMDAwMDAAA8gBAAAAAggA	markers in reference data on Allen Brain Cell Atlas
http://purl.obolibrary.org/obo/PCL_0160929	SN-VTR CALB1 Dopa	NCBIGene:7054|NCBIGene:793|NCBIGene:6531|NCBIGene:4929|NCBIGene:54796	TH, CALB1, SLC6A3, NR4A2, BNC2	Primate	DHBA:10332	SO:0001260			CAS evidence				SN-VTR CALB1 Dopa	Group	https://dev-knowledge.brain-map.org/abcatlas#AQQBTlhKOU5aQVFBNU1FSFFOT1dKUQACVEdCUTJGRVYyN04wQ1BMS1ZBWgADBQFFM0hHQllIUkM5OEdBNkZXOUY2AAIAAAEzWEJPRkJSMzAyRVlDMFVRRDUxAAIAAAFTUTZXSk8wR05VSkdGVThMSFZWAAIAAAFISzE0TzFBU0FOUFlIT05GTExRAAIBU04tVlRSIENBTEIxIERvcGEAAAE2RVdCU0VKNFlGVkdLSTJBUEJMAAIAAAQBAAKEykWZhH5WhgOFDHL%2BhTxcRQRXTVA4Tk1KNUQ4WE8xQU9JMUw5AAWDbG8xgjbiQYPACcSDOAJSAAUFAVRIAAABQ0FMQjEAAAFTTEM2QTMAAAFOUjRBMgAAAUJOQzIAAAYBAQJISzE0TzFBU0FOUFlIT05GTExRAAN%2BAAAABAAACElBNlk2U043UVpTSUVKMEZaMFUACVBPWjJIQ1BCVDYwRFNESjhVQTcACgALATc0MTZCNVhKRFNZMEhERjkzUk8AAkNSRUhSQ0syWVhSV0pLMkowQUwAAwEEAQACIzAwMDAwMAADyAEABQEBAiMwMDAwMDAAA8gBAAAAAVZNNEU2SjlEUFlZRDdFMEJITkIAAktHWkxBV0lQQ1I0Vzk4RjVMRDYAAwUBRTNIR0JZSFJDOThHQTZGVzlGNgACAAABM1hCT0ZCUjMwMkVZQzBVUUQ1MQACAAABU1E2V0pPMEdOVUpHRlU4TEhWVgACAAABSEsxNE8xQVNBTlBZSE9ORkxMUQACAVNOLVZUUiBDQUxCMSBEb3BhAAABNkVXQlNFSjRZRlZHS0kyQVBCTAACAAAEAQAChf5ZiIWO1x8DhgqmToX0nKoEV01QOE5NSjVEOFhPMUFPSTFMOQAFhBTEFoOMxVKEYmm%2FhLTnSwYABwAABQUBVEgAAAFDQUxCMQAAAVNMQzZBMwAAAU5SNEEyAAABQk5DMgAABgEBAkhLMTRPMUFTQU5QWUhPTkZMTFEAA34AAAAEAAAIOUFVVEU5UzEwS0FFQzJVWk8zMQAJUE9aMkhDUEJUNjBEU0RKOFVBNwAKAAsBWTNQMUpNMUVOQ0dXRVc4VVNUVgACQ1JFSFJDSzJZWFJXSksySjBBTAADAQQBAAIjMDAwMDAwAAPIAQAFAQECIzAwMDAwMAADyAEAAAABM0NQSVAyODA0U0JEWDFEWDFSVwACUzVLUVRGSENSS0hWWlZSUjVIUgADBQFFM0hHQllIUkM5OEdBNkZXOUY2AAIAAAEzWEJPRkJSMzAyRVlDMFVRRDUxAAIAAAFTUTZXSk8wR05VSkdGVThMSFZWAAIAAAFISzE0TzFBU0FOUFlIT05GTExRAAIBU04tVlRSIENBTEIxIERvcGEAAAE2RVdCU0VKNFlGVkdLSTJBUEJMAAIAAAQBAAKF5uKGhpZBIAOHaGEyhqCThgRXTVA4Tk1KNUQ4WE8xQU9JMUw5AAWB2KHrhLYRmYTalF2FAoaGBgAHAAAFBQFUSAAAAUNBTEIxAAABU0xDNkEzAAABTlI0QTIAAAFCTkMyAAAGAQECSEsxNE8xQVNBTlBZSE9ORkxMUQADfgAAAAQAAAhIWkVZWFNRT0VETkQyUTZNOTdNAAlQT1oySENQQlQ2MERTREo4VUE3AAoACwE2VDk2MjYwMTI2VFY0S0xHRFhHAAJDUkVIUkNLMllYUldKSzJKMEFMAAMBBAEAAiMwMDAwMDAAA8gBAAUBAQIjMDAwMDAwAAPIAQAAAAFFSVVBTFBZTkdaNVZVN1kyWTAyAAJRWlEyUUJNVTRUNUk0N0QxSzRGAAMFAUUzSEdCWUhSQzk4R0E2Rlc5RjYAAgAAATNYQk9GQlIzMDJFWUMwVVFENTEAAgAAAVNRNldKTzBHTlVKR0ZVOExIVlYAAgAAAUhLMTRPMUFTQU5QWUhPTkZMTFEAAgFTTi1WVFIgQ0FMQjEgRG9wYQAAATZFV0JTRUo0WUZWR0tJMkFQQkwAAgAABAEBAoEi0luBCLU%2BA4Re3WaD6nvJAAUFAVRIAAABQ0FMQjEAAAFTTEM2QTMAAAFOUjRBMgAAAUJOQzIAAAYBAQJISzE0TzFBU0FOUFlIT05GTExRAAN%2BAAAABAAACEZUTEFVT1Y2U0xCMDcxU1ZOVTkACVBPWjJIQ1BCVDYwRFNESjhVQTcACgALAW5vbmUAAm5vbmUAAwEEAQACIzAwMDAwMAADyAEABQEBAiMwMDAwMDAAA8gBAAAAAggA	markers in reference data on Allen Brain Cell Atlas
http://purl.obolibrary.org/obo/PCL_0160964	VTR-HTH Glut	NCBIGene:57084	SLC17A6	Primate	DHBA:10332	SO:0001260			CAS evidence				F M Glut	Subclass	https://dev-knowledge.brain-map.org/abcatlas#AQQBTlhKOU5aQVFBNU1FSFFOT1dKUQACVEdCUTJGRVYyN04wQ1BMS1ZBWgADBQFFM0hHQllIUkM5OEdBNkZXOUY2AAIAAAEzWEJPRkJSMzAyRVlDMFVRRDUxAAIAAAFTUTZXSk8wR05VSkdGVThMSFZWAAIBRiBNIEdsdXQAAAFISzE0TzFBU0FOUFlIT05GTExRAAIAAAE2RVdCU0VKNFlGVkdLSTJBUEJMAAIAAAQBAAKEykWZhH5WhgOFDHL%2BhTxcRQRXTVA4Tk1KNUQ4WE8xQU9JMUw5AAWDbG8xgjbiQYPACcSDOAJSAAUBAVNMQzE3QTYAAAYBAQJTUTZXSk8wR05VSkdGVThMSFZWAAN%2BAAAABAAACElBNlk2U043UVpTSUVKMEZaMFUACVBPWjJIQ1BCVDYwRFNESjhVQTcACgALATc0MTZCNVhKRFNZMEhERjkzUk8AAkNSRUhSQ0syWVhSV0pLMkowQUwAAwEEAQACIzAwMDAwMAADyAEABQEBAiMwMDAwMDAAA8gBAAAAAVZNNEU2SjlEUFlZRDdFMEJITkIAAktHWkxBV0lQQ1I0Vzk4RjVMRDYAAwUBRTNIR0JZSFJDOThHQTZGVzlGNgACAAABM1hCT0ZCUjMwMkVZQzBVUUQ1MQACAAABU1E2V0pPMEdOVUpHRlU4TEhWVgACAUYgTSBHbHV0AAABSEsxNE8xQVNBTlBZSE9ORkxMUQACAAABNkVXQlNFSjRZRlZHS0kyQVBCTAACAAAEAQAChf5ZiIWO1x8DhgqmToX0nKoEV01QOE5NSjVEOFhPMUFPSTFMOQAFhBTEFoOMxVKEYmm%2FhLTnSwYABwAABQEBU0xDMTdBNgAABgEBAlNRNldKTzBHTlVKR0ZVOExIVlYAA34AAAAEAAAIOUFVVEU5UzEwS0FFQzJVWk8zMQAJUE9aMkhDUEJUNjBEU0RKOFVBNwAKAAsBWTNQMUpNMUVOQ0dXRVc4VVNUVgACQ1JFSFJDSzJZWFJXSksySjBBTAADAQQBAAIjMDAwMDAwAAPIAQAFAQECIzAwMDAwMAADyAEAAAABM0NQSVAyODA0U0JEWDFEWDFSVwACUzVLUVRGSENSS0hWWlZSUjVIUgADBQFFM0hHQllIUkM5OEdBNkZXOUY2AAIAAAEzWEJPRkJSMzAyRVlDMFVRRDUxAAIAAAFTUTZXSk8wR05VSkdGVThMSFZWAAIBRiBNIEdsdXQAAAFISzE0TzFBU0FOUFlIT05GTExRAAIAAAE2RVdCU0VKNFlGVkdLSTJBUEJMAAIAAAQBAAKF5uKGhpZBIAOHaGEyhqCThgRXTVA4Tk1KNUQ4WE8xQU9JMUw5AAWB2KHrhLYRmYTalF2FAoaGBgAHAAAFAQFTTEMxN0E2AAAGAQECU1E2V0pPMEdOVUpHRlU4TEhWVgADfgAAAAQAAAhIWkVZWFNRT0VETkQyUTZNOTdNAAlQT1oySENQQlQ2MERTREo4VUE3AAoACwE2VDk2MjYwMTI2VFY0S0xHRFhHAAJDUkVIUkNLMllYUldKSzJKMEFMAAMBBAEAAiMwMDAwMDAAA8gBAAUBAQIjMDAwMDAwAAPIAQAAAAFFSVVBTFBZTkdaNVZVN1kyWTAyAAJRWlEyUUJNVTRUNUk0N0QxSzRGAAMFAUUzSEdCWUhSQzk4R0E2Rlc5RjYAAgAAATNYQk9GQlIzMDJFWUMwVVFENTEAAgAAAVNRNldKTzBHTlVKR0ZVOExIVlYAAgFGIE0gR2x1dAAAAUhLMTRPMUFTQU5QWUhPTkZMTFEAAgAAATZFV0JTRUo0WUZWR0tJMkFQQkwAAgAABAEBAoEi0luBCLU%2BA4Re3WaD6nvJAAUBAVNMQzE3QTYAAAYBAQJTUTZXSk8wR05VSkdGVThMSFZWAAN%2BAAAABAAACEZUTEFVT1Y2U0xCMDcxU1ZOVTkACVBPWjJIQ1BCVDYwRFNESjhVQTcACgALAW5vbmUAAm5vbmUAAwEEAQACIzAwMDAwMAADyAEABQEBAiMwMDAwMDAAA8gBAAAAAggA	markers in reference data on Allen Brain Cell Atlas
http://purl.obolibrary.org/obo/PCL_0160923	OPC	NCBIGene:5156|NCBIGene:1297	PDGFRA, COL9A1	Primate	DHBA:10332	SO:0001260			CAS evidence				OPC	Subclass	https://dev-knowledge.brain-map.org/abcatlas#AQQBTlhKOU5aQVFBNU1FSFFOT1dKUQACVEdCUTJGRVYyN04wQ1BMS1ZBWgADBQFFM0hHQllIUkM5OEdBNkZXOUY2AAIAAAEzWEJPRkJSMzAyRVlDMFVRRDUxAAIAAAFTUTZXSk8wR05VSkdGVThMSFZWAAIBT1BDAAABSEsxNE8xQVNBTlBZSE9ORkxMUQACAAABNkVXQlNFSjRZRlZHS0kyQVBCTAACAAAEAQAChMpFmYR%2BVoYDhQxy%2FoU8XEUEV01QOE5NSjVEOFhPMUFPSTFMOQAFg2xvMYI24kGDwAnEgzgCUgAFAgFQREdGUkEAAAFDT0w5QTEAAAYBAQJTUTZXSk8wR05VSkdGVThMSFZWAAN%2BAAAABAAACElBNlk2U043UVpTSUVKMEZaMFUACVBPWjJIQ1BCVDYwRFNESjhVQTcACgALATc0MTZCNVhKRFNZMEhERjkzUk8AAkNSRUhSQ0syWVhSV0pLMkowQUwAAwEEAQACIzAwMDAwMAADyAEABQEBAiMwMDAwMDAAA8gBAAAAAVZNNEU2SjlEUFlZRDdFMEJITkIAAktHWkxBV0lQQ1I0Vzk4RjVMRDYAAwUBRTNIR0JZSFJDOThHQTZGVzlGNgACAAABM1hCT0ZCUjMwMkVZQzBVUUQ1MQACAAABU1E2V0pPMEdOVUpHRlU4TEhWVgACAU9QQwAAAUhLMTRPMUFTQU5QWUhPTkZMTFEAAgAAATZFV0JTRUo0WUZWR0tJMkFQQkwAAgAABAEAAoX%2BWYiFjtcfA4YKpk6F9JyqBFdNUDhOTUo1RDhYTzFBT0kxTDkABYQUxBaDjMVShGJpv4S050sGAAcAAAUCAVBER0ZSQQAAAUNPTDlBMQAABgEBAlNRNldKTzBHTlVKR0ZVOExIVlYAA34AAAAEAAAIOUFVVEU5UzEwS0FFQzJVWk8zMQAJUE9aMkhDUEJUNjBEU0RKOFVBNwAKAAsBWTNQMUpNMUVOQ0dXRVc4VVNUVgACQ1JFSFJDSzJZWFJXSksySjBBTAADAQQBAAIjMDAwMDAwAAPIAQAFAQECIzAwMDAwMAADyAEAAAABM0NQSVAyODA0U0JEWDFEWDFSVwACUzVLUVRGSENSS0hWWlZSUjVIUgADBQFFM0hHQllIUkM5OEdBNkZXOUY2AAIAAAEzWEJPRkJSMzAyRVlDMFVRRDUxAAIAAAFTUTZXSk8wR05VSkdGVThMSFZWAAIBT1BDAAABSEsxNE8xQVNBTlBZSE9ORkxMUQACAAABNkVXQlNFSjRZRlZHS0kyQVBCTAACAAAEAQAChebihoaWQSADh2hhMoagk4YEV01QOE5NSjVEOFhPMUFPSTFMOQAFgdih64S2EZmE2pRdhQKGhgYABwAABQIBUERHRlJBAAABQ09MOUExAAAGAQECU1E2V0pPMEdOVUpHRlU4TEhWVgADfgAAAAQAAAhIWkVZWFNRT0VETkQyUTZNOTdNAAlQT1oySENQQlQ2MERTREo4VUE3AAoACwE2VDk2MjYwMTI2VFY0S0xHRFhHAAJDUkVIUkNLMllYUldKSzJKMEFMAAMBBAEAAiMwMDAwMDAAA8gBAAUBAQIjMDAwMDAwAAPIAQAAAAFFSVVBTFBZTkdaNVZVN1kyWTAyAAJRWlEyUUJNVTRUNUk0N0QxSzRGAAMFAUUzSEdCWUhSQzk4R0E2Rlc5RjYAAgAAATNYQk9GQlIzMDJFWUMwVVFENTEAAgAAAVNRNldKTzBHTlVKR0ZVOExIVlYAAgFPUEMAAAFISzE0TzFBU0FOUFlIT05GTExRAAIAAAE2RVdCU0VKNFlGVkdLSTJBUEJMAAIAAAQBAQKBItJbgQi1PgOEXt1mg%2Bp7yQAFAgFQREdGUkEAAAFDT0w5QTEAAAYBAQJTUTZXSk8wR05VSkdGVThMSFZWAAN%2BAAAABAAACEZUTEFVT1Y2U0xCMDcxU1ZOVTkACVBPWjJIQ1BCVDYwRFNESjhVQTcACgALAW5vbmUAAm5vbmUAAwEEAQACIzAwMDAwMAADyAEABQEBAiMwMDAwMDAAA8gBAAAAAggA	markers in reference data on Allen Brain Cell Atlas
http://purl.obolibrary.org/obo/PCL_0160909	COP	NCBIGene:2840	GPR17	Primate	DHBA:10332	SO:0001260			CAS evidence				COP	Subclass	https://dev-knowledge.brain-map.org/abcatlas#AQQBTlhKOU5aQVFBNU1FSFFOT1dKUQACVEdCUTJGRVYyN04wQ1BMS1ZBWgADBQFFM0hHQllIUkM5OEdBNkZXOUY2AAIAAAEzWEJPRkJSMzAyRVlDMFVRRDUxAAIAAAFTUTZXSk8wR05VSkdGVThMSFZWAAIBQ09QAAABSEsxNE8xQVNBTlBZSE9ORkxMUQACAAABNkVXQlNFSjRZRlZHS0kyQVBCTAACAAAEAQAChMpFmYR%2BVoYDhQxy%2FoU8XEUEV01QOE5NSjVEOFhPMUFPSTFMOQAFg2xvMYI24kGDwAnEgzgCUgAFAQFHUFIxNwAABgEBAlNRNldKTzBHTlVKR0ZVOExIVlYAA34AAAAEAAAISUE2WTZTTjdRWlNJRUowRlowVQAJUE9aMkhDUEJUNjBEU0RKOFVBNwAKAAsBNzQxNkI1WEpEU1kwSERGOTNSTwACQ1JFSFJDSzJZWFJXSksySjBBTAADAQQBAAIjMDAwMDAwAAPIAQAFAQECIzAwMDAwMAADyAEAAAABVk00RTZKOURQWVlEN0UwQkhOQgACS0daTEFXSVBDUjRXOThGNUxENgADBQFFM0hHQllIUkM5OEdBNkZXOUY2AAIAAAEzWEJPRkJSMzAyRVlDMFVRRDUxAAIAAAFTUTZXSk8wR05VSkdGVThMSFZWAAIBQ09QAAABSEsxNE8xQVNBTlBZSE9ORkxMUQACAAABNkVXQlNFSjRZRlZHS0kyQVBCTAACAAAEAQAChf5ZiIWO1x8DhgqmToX0nKoEV01QOE5NSjVEOFhPMUFPSTFMOQAFhBTEFoOMxVKEYmm%2FhLTnSwYABwAABQEBR1BSMTcAAAYBAQJTUTZXSk8wR05VSkdGVThMSFZWAAN%2BAAAABAAACDlBVVRFOVMxMEtBRUMyVVpPMzEACVBPWjJIQ1BCVDYwRFNESjhVQTcACgALAVkzUDFKTTFFTkNHV0VXOFVTVFYAAkNSRUhSQ0syWVhSV0pLMkowQUwAAwEEAQACIzAwMDAwMAADyAEABQEBAiMwMDAwMDAAA8gBAAAAATNDUElQMjgwNFNCRFgxRFgxUlcAAlM1S1FURkhDUktIVlpWUlI1SFIAAwUBRTNIR0JZSFJDOThHQTZGVzlGNgACAAABM1hCT0ZCUjMwMkVZQzBVUUQ1MQACAAABU1E2V0pPMEdOVUpHRlU4TEhWVgACAUNPUAAAAUhLMTRPMUFTQU5QWUhPTkZMTFEAAgAAATZFV0JTRUo0WUZWR0tJMkFQQkwAAgAABAEAAoXm4oaGlkEgA4doYTKGoJOGBFdNUDhOTUo1RDhYTzFBT0kxTDkABYHYoeuEthGZhNqUXYUChoYGAAcAAAUBAUdQUjE3AAAGAQECU1E2V0pPMEdOVUpHRlU4TEhWVgADfgAAAAQAAAhIWkVZWFNRT0VETkQyUTZNOTdNAAlQT1oySENQQlQ2MERTREo4VUE3AAoACwE2VDk2MjYwMTI2VFY0S0xHRFhHAAJDUkVIUkNLMllYUldKSzJKMEFMAAMBBAEAAiMwMDAwMDAAA8gBAAUBAQIjMDAwMDAwAAPIAQAAAAFFSVVBTFBZTkdaNVZVN1kyWTAyAAJRWlEyUUJNVTRUNUk0N0QxSzRGAAMFAUUzSEdCWUhSQzk4R0E2Rlc5RjYAAgAAATNYQk9GQlIzMDJFWUMwVVFENTEAAgAAAVNRNldKTzBHTlVKR0ZVOExIVlYAAgFDT1AAAAFISzE0TzFBU0FOUFlIT05GTExRAAIAAAE2RVdCU0VKNFlGVkdLSTJBUEJMAAIAAAQBAQKBItJbgQi1PgOEXt1mg%2Bp7yQAFAQFHUFIxNwAABgEBAlNRNldKTzBHTlVKR0ZVOExIVlYAA34AAAAEAAAIRlRMQVVPVjZTTEIwNzFTVk5VOQAJUE9aMkhDUEJUNjBEU0RKOFVBNwAKAAsBbm9uZQACbm9uZQADAQQBAAIjMDAwMDAwAAPIAQAFAQECIzAwMDAwMAADyAEAAAACCAA%3D	markers in reference data on Allen Brain Cell Atlas
http://purl.obolibrary.org/obo/PCL_0160918	ImOligo	NCBIGene:4155|NCBIGene:5788	MBP, PTPRC	Primate	DHBA:10332	SO:0001260			CAS evidence				ImOligo	Group	https://dev-knowledge.brain-map.org/abcatlas#AQQBTlhKOU5aQVFBNU1FSFFOT1dKUQACVEdCUTJGRVYyN04wQ1BMS1ZBWgADBQFFM0hHQllIUkM5OEdBNkZXOUY2AAIAAAEzWEJPRkJSMzAyRVlDMFVRRDUxAAIAAAFTUTZXSk8wR05VSkdGVThMSFZWAAIAAAFISzE0TzFBU0FOUFlIT05GTExRAAIBSW1PbGlnbwAAATZFV0JTRUo0WUZWR0tJMkFQQkwAAgAABAEAAoTKRZmEflaGA4UMcv6FPFxFBFdNUDhOTUo1RDhYTzFBT0kxTDkABYNsbzGCNuJBg8AJxIM4AlIABQIBTUJQAAABUFRQUkMAAAYBAQJISzE0TzFBU0FOUFlIT05GTExRAAN%2BAAAABAAACElBNlk2U043UVpTSUVKMEZaMFUACVBPWjJIQ1BCVDYwRFNESjhVQTcACgALATc0MTZCNVhKRFNZMEhERjkzUk8AAkNSRUhSQ0syWVhSV0pLMkowQUwAAwEEAQACIzAwMDAwMAADyAEABQEBAiMwMDAwMDAAA8gBAAAAAVZNNEU2SjlEUFlZRDdFMEJITkIAAktHWkxBV0lQQ1I0Vzk4RjVMRDYAAwUBRTNIR0JZSFJDOThHQTZGVzlGNgACAAABM1hCT0ZCUjMwMkVZQzBVUUQ1MQACAAABU1E2V0pPMEdOVUpHRlU4TEhWVgACAAABSEsxNE8xQVNBTlBZSE9ORkxMUQACAUltT2xpZ28AAAE2RVdCU0VKNFlGVkdLSTJBUEJMAAIAAAQBAAKF%2FlmIhY7XHwOGCqZOhfScqgRXTVA4Tk1KNUQ4WE8xQU9JMUw5AAWEFMQWg4zFUoRiab%2BEtOdLBgAHAAAFAgFNQlAAAAFQVFBSQwAABgEBAkhLMTRPMUFTQU5QWUhPTkZMTFEAA34AAAAEAAAIOUFVVEU5UzEwS0FFQzJVWk8zMQAJUE9aMkhDUEJUNjBEU0RKOFVBNwAKAAsBWTNQMUpNMUVOQ0dXRVc4VVNUVgACQ1JFSFJDSzJZWFJXSksySjBBTAADAQQBAAIjMDAwMDAwAAPIAQAFAQECIzAwMDAwMAADyAEAAAABM0NQSVAyODA0U0JEWDFEWDFSVwACUzVLUVRGSENSS0hWWlZSUjVIUgADBQFFM0hHQllIUkM5OEdBNkZXOUY2AAIAAAEzWEJPRkJSMzAyRVlDMFVRRDUxAAIAAAFTUTZXSk8wR05VSkdGVThMSFZWAAIAAAFISzE0TzFBU0FOUFlIT05GTExRAAIBSW1PbGlnbwAAATZFV0JTRUo0WUZWR0tJMkFQQkwAAgAABAEAAoXm4oaGlkEgA4doYTKGoJOGBFdNUDhOTUo1RDhYTzFBT0kxTDkABYHYoeuEthGZhNqUXYUChoYGAAcAAAUCAU1CUAAAAVBUUFJDAAAGAQECSEsxNE8xQVNBTlBZSE9ORkxMUQADfgAAAAQAAAhIWkVZWFNRT0VETkQyUTZNOTdNAAlQT1oySENQQlQ2MERTREo4VUE3AAoACwE2VDk2MjYwMTI2VFY0S0xHRFhHAAJDUkVIUkNLMllYUldKSzJKMEFMAAMBBAEAAiMwMDAwMDAAA8gBAAUBAQIjMDAwMDAwAAPIAQAAAAFFSVVBTFBZTkdaNVZVN1kyWTAyAAJRWlEyUUJNVTRUNUk0N0QxSzRGAAMFAUUzSEdCWUhSQzk4R0E2Rlc5RjYAAgAAATNYQk9GQlIzMDJFWUMwVVFENTEAAgAAAVNRNldKTzBHTlVKR0ZVOExIVlYAAgAAAUhLMTRPMUFTQU5QWUhPTkZMTFEAAgFJbU9saWdvAAABNkVXQlNFSjRZRlZHS0kyQVBCTAACAAAEAQECgSLSW4EItT4DhF7dZoPqe8kABQIBTUJQAAABUFRQUkMAAAYBAQJISzE0TzFBU0FOUFlIT05GTExRAAN%2BAAAABAAACEZUTEFVT1Y2U0xCMDcxU1ZOVTkACVBPWjJIQ1BCVDYwRFNESjhVQTcACgALAW5vbmUAAm5vbmUAAwEEAQACIzAwMDAwMAADyAEABQEBAiMwMDAwMDAAA8gBAAAAAggA	markers in reference data on Allen Brain Cell Atlas
http://purl.obolibrary.org/obo/PCL_0160926	Oligo PLEKHG1	NCBIGene:4155|NCBIGene:57480	MBP, PLEKHG1	Primate	DHBA:10332	SO:0001260			CAS evidence				Oligo PLEKHG1	Group	https://dev-knowledge.brain-map.org/abcatlas#AQQBTlhKOU5aQVFBNU1FSFFOT1dKUQACVEdCUTJGRVYyN04wQ1BMS1ZBWgADBQFFM0hHQllIUkM5OEdBNkZXOUY2AAIAAAEzWEJPRkJSMzAyRVlDMFVRRDUxAAIAAAFTUTZXSk8wR05VSkdGVThMSFZWAAIAAAFISzE0TzFBU0FOUFlIT05GTExRAAIBT2xpZ28gUExFS0hHMQAAATZFV0JTRUo0WUZWR0tJMkFQQkwAAgAABAEAAoTKRZmEflaGA4UMcv6FPFxFBFdNUDhOTUo1RDhYTzFBT0kxTDkABYNsbzGCNuJBg8AJxIM4AlIABQIBTUJQAAABUExFS0hHMQAABgEBAkhLMTRPMUFTQU5QWUhPTkZMTFEAA34AAAAEAAAISUE2WTZTTjdRWlNJRUowRlowVQAJUE9aMkhDUEJUNjBEU0RKOFVBNwAKAAsBNzQxNkI1WEpEU1kwSERGOTNSTwACQ1JFSFJDSzJZWFJXSksySjBBTAADAQQBAAIjMDAwMDAwAAPIAQAFAQECIzAwMDAwMAADyAEAAAABVk00RTZKOURQWVlEN0UwQkhOQgACS0daTEFXSVBDUjRXOThGNUxENgADBQFFM0hHQllIUkM5OEdBNkZXOUY2AAIAAAEzWEJPRkJSMzAyRVlDMFVRRDUxAAIAAAFTUTZXSk8wR05VSkdGVThMSFZWAAIAAAFISzE0TzFBU0FOUFlIT05GTExRAAIBT2xpZ28gUExFS0hHMQAAATZFV0JTRUo0WUZWR0tJMkFQQkwAAgAABAEAAoX%2BWYiFjtcfA4YKpk6F9JyqBFdNUDhOTUo1RDhYTzFBT0kxTDkABYQUxBaDjMVShGJpv4S050sGAAcAAAUCAU1CUAAAAVBMRUtIRzEAAAYBAQJISzE0TzFBU0FOUFlIT05GTExRAAN%2BAAAABAAACDlBVVRFOVMxMEtBRUMyVVpPMzEACVBPWjJIQ1BCVDYwRFNESjhVQTcACgALAVkzUDFKTTFFTkNHV0VXOFVTVFYAAkNSRUhSQ0syWVhSV0pLMkowQUwAAwEEAQACIzAwMDAwMAADyAEABQEBAiMwMDAwMDAAA8gBAAAAATNDUElQMjgwNFNCRFgxRFgxUlcAAlM1S1FURkhDUktIVlpWUlI1SFIAAwUBRTNIR0JZSFJDOThHQTZGVzlGNgACAAABM1hCT0ZCUjMwMkVZQzBVUUQ1MQACAAABU1E2V0pPMEdOVUpHRlU4TEhWVgACAAABSEsxNE8xQVNBTlBZSE9ORkxMUQACAU9saWdvIFBMRUtIRzEAAAE2RVdCU0VKNFlGVkdLSTJBUEJMAAIAAAQBAAKF5uKGhpZBIAOHaGEyhqCThgRXTVA4Tk1KNUQ4WE8xQU9JMUw5AAWB2KHrhLYRmYTalF2FAoaGBgAHAAAFAgFNQlAAAAFQTEVLSEcxAAAGAQECSEsxNE8xQVNBTlBZSE9ORkxMUQADfgAAAAQAAAhIWkVZWFNRT0VETkQyUTZNOTdNAAlQT1oySENQQlQ2MERTREo4VUE3AAoACwE2VDk2MjYwMTI2VFY0S0xHRFhHAAJDUkVIUkNLMllYUldKSzJKMEFMAAMBBAEAAiMwMDAwMDAAA8gBAAUBAQIjMDAwMDAwAAPIAQAAAAFFSVVBTFBZTkdaNVZVN1kyWTAyAAJRWlEyUUJNVTRUNUk0N0QxSzRGAAMFAUUzSEdCWUhSQzk4R0E2Rlc5RjYAAgAAATNYQk9GQlIzMDJFWUMwVVFENTEAAgAAAVNRNldKTzBHTlVKR0ZVOExIVlYAAgAAAUhLMTRPMUFTQU5QWUhPTkZMTFEAAgFPbGlnbyBQTEVLSEcxAAABNkVXQlNFSjRZRlZHS0kyQVBCTAACAAAEAQECgSLSW4EItT4DhF7dZoPqe8kABQIBTUJQAAABUExFS0hHMQAABgEBAkhLMTRPMUFTQU5QWUhPTkZMTFEAA34AAAAEAAAIRlRMQVVPVjZTTEIwNzFTVk5VOQAJUE9aMkhDUEJUNjBEU0RKOFVBNwAKAAsBbm9uZQACbm9uZQADAQQBAAIjMDAwMDAwAAPIAQAFAQECIzAwMDAwMAADyAEAAAACCAA%3D	markers in reference data on Allen Brain Cell Atlas
http://purl.obolibrary.org/obo/PCL_0160925	Oligo OPALIN	NCBIGene:4155|NCBIGene:93377	MBP, OPALIN	Primate	DHBA:10332	SO:0001260			CAS evidence				Oligo OPALIN	Group	https://dev-knowledge.brain-map.org/abcatlas#AQQBTlhKOU5aQVFBNU1FSFFOT1dKUQACVEdCUTJGRVYyN04wQ1BMS1ZBWgADBQFFM0hHQllIUkM5OEdBNkZXOUY2AAIAAAEzWEJPRkJSMzAyRVlDMFVRRDUxAAIAAAFTUTZXSk8wR05VSkdGVThMSFZWAAIAAAFISzE0TzFBU0FOUFlIT05GTExRAAIBT2xpZ28gT1BBTElOAAABNkVXQlNFSjRZRlZHS0kyQVBCTAACAAAEAQAChMpFmYR%2BVoYDhQxy%2FoU8XEUEV01QOE5NSjVEOFhPMUFPSTFMOQAFg2xvMYI24kGDwAnEgzgCUgAFAgFNQlAAAAFPUEFMSU4AAAYBAQJISzE0TzFBU0FOUFlIT05GTExRAAN%2BAAAABAAACElBNlk2U043UVpTSUVKMEZaMFUACVBPWjJIQ1BCVDYwRFNESjhVQTcACgALATc0MTZCNVhKRFNZMEhERjkzUk8AAkNSRUhSQ0syWVhSV0pLMkowQUwAAwEEAQACIzAwMDAwMAADyAEABQEBAiMwMDAwMDAAA8gBAAAAAVZNNEU2SjlEUFlZRDdFMEJITkIAAktHWkxBV0lQQ1I0Vzk4RjVMRDYAAwUBRTNIR0JZSFJDOThHQTZGVzlGNgACAAABM1hCT0ZCUjMwMkVZQzBVUUQ1MQACAAABU1E2V0pPMEdOVUpHRlU4TEhWVgACAAABSEsxNE8xQVNBTlBZSE9ORkxMUQACAU9saWdvIE9QQUxJTgAAATZFV0JTRUo0WUZWR0tJMkFQQkwAAgAABAEAAoX%2BWYiFjtcfA4YKpk6F9JyqBFdNUDhOTUo1RDhYTzFBT0kxTDkABYQUxBaDjMVShGJpv4S050sGAAcAAAUCAU1CUAAAAU9QQUxJTgAABgEBAkhLMTRPMUFTQU5QWUhPTkZMTFEAA34AAAAEAAAIOUFVVEU5UzEwS0FFQzJVWk8zMQAJUE9aMkhDUEJUNjBEU0RKOFVBNwAKAAsBWTNQMUpNMUVOQ0dXRVc4VVNUVgACQ1JFSFJDSzJZWFJXSksySjBBTAADAQQBAAIjMDAwMDAwAAPIAQAFAQECIzAwMDAwMAADyAEAAAABM0NQSVAyODA0U0JEWDFEWDFSVwACUzVLUVRGSENSS0hWWlZSUjVIUgADBQFFM0hHQllIUkM5OEdBNkZXOUY2AAIAAAEzWEJPRkJSMzAyRVlDMFVRRDUxAAIAAAFTUTZXSk8wR05VSkdGVThMSFZWAAIAAAFISzE0TzFBU0FOUFlIT05GTExRAAIBT2xpZ28gT1BBTElOAAABNkVXQlNFSjRZRlZHS0kyQVBCTAACAAAEAQAChebihoaWQSADh2hhMoagk4YEV01QOE5NSjVEOFhPMUFPSTFMOQAFgdih64S2EZmE2pRdhQKGhgYABwAABQIBTUJQAAABT1BBTElOAAAGAQECSEsxNE8xQVNBTlBZSE9ORkxMUQADfgAAAAQAAAhIWkVZWFNRT0VETkQyUTZNOTdNAAlQT1oySENQQlQ2MERTREo4VUE3AAoACwE2VDk2MjYwMTI2VFY0S0xHRFhHAAJDUkVIUkNLMllYUldKSzJKMEFMAAMBBAEAAiMwMDAwMDAAA8gBAAUBAQIjMDAwMDAwAAPIAQAAAAFFSVVBTFBZTkdaNVZVN1kyWTAyAAJRWlEyUUJNVTRUNUk0N0QxSzRGAAMFAUUzSEdCWUhSQzk4R0E2Rlc5RjYAAgAAATNYQk9GQlIzMDJFWUMwVVFENTEAAgAAAVNRNldKTzBHTlVKR0ZVOExIVlYAAgAAAUhLMTRPMUFTQU5QWUhPTkZMTFEAAgFPbGlnbyBPUEFMSU4AAAE2RVdCU0VKNFlGVkdLSTJBUEJMAAIAAAQBAQKBItJbgQi1PgOEXt1mg%2Bp7yQAFAgFNQlAAAAFPUEFMSU4AAAYBAQJISzE0TzFBU0FOUFlIT05GTExRAAN%2BAAAABAAACEZUTEFVT1Y2U0xCMDcxU1ZOVTkACVBPWjJIQ1BCVDYwRFNESjhVQTcACgALAW5vbmUAAm5vbmUAAwEEAQACIzAwMDAwMAADyAEABQEBAiMwMDAwMDAAA8gBAAAAAggA	markers in reference data on Allen Brain Cell Atlas
http://purl.obolibrary.org/obo/PCL_0160917	ImAstro	NCBIGene:361|NCBIGene:5788	AQP4, PTPRC	Primate	DHBA:10332	SO:0001260			CAS evidence				ImAstro	Group	https://dev-knowledge.brain-map.org/abcatlas#AQQBTlhKOU5aQVFBNU1FSFFOT1dKUQACVEdCUTJGRVYyN04wQ1BMS1ZBWgADBQFFM0hHQllIUkM5OEdBNkZXOUY2AAIAAAEzWEJPRkJSMzAyRVlDMFVRRDUxAAIAAAFTUTZXSk8wR05VSkdGVThMSFZWAAIAAAFISzE0TzFBU0FOUFlIT05GTExRAAIBSW1Bc3RybwAAATZFV0JTRUo0WUZWR0tJMkFQQkwAAgAABAEAAoTKRZmEflaGA4UMcv6FPFxFBFdNUDhOTUo1RDhYTzFBT0kxTDkABYNsbzGCNuJBg8AJxIM4AlIABQIBQVFQNAAAAVBUUFJDAAAGAQECSEsxNE8xQVNBTlBZSE9ORkxMUQADfgAAAAQAAAhJQTZZNlNON1FaU0lFSjBGWjBVAAlQT1oySENQQlQ2MERTREo4VUE3AAoACwE3NDE2QjVYSkRTWTBIREY5M1JPAAJDUkVIUkNLMllYUldKSzJKMEFMAAMBBAEAAiMwMDAwMDAAA8gBAAUBAQIjMDAwMDAwAAPIAQAAAAFWTTRFNko5RFBZWUQ3RTBCSE5CAAJLR1pMQVdJUENSNFc5OEY1TEQ2AAMFAUUzSEdCWUhSQzk4R0E2Rlc5RjYAAgAAATNYQk9GQlIzMDJFWUMwVVFENTEAAgAAAVNRNldKTzBHTlVKR0ZVOExIVlYAAgAAAUhLMTRPMUFTQU5QWUhPTkZMTFEAAgFJbUFzdHJvAAABNkVXQlNFSjRZRlZHS0kyQVBCTAACAAAEAQAChf5ZiIWO1x8DhgqmToX0nKoEV01QOE5NSjVEOFhPMUFPSTFMOQAFhBTEFoOMxVKEYmm%2FhLTnSwYABwAABQIBQVFQNAAAAVBUUFJDAAAGAQECSEsxNE8xQVNBTlBZSE9ORkxMUQADfgAAAAQAAAg5QVVURTlTMTBLQUVDMlVaTzMxAAlQT1oySENQQlQ2MERTREo4VUE3AAoACwFZM1AxSk0xRU5DR1dFVzhVU1RWAAJDUkVIUkNLMllYUldKSzJKMEFMAAMBBAEAAiMwMDAwMDAAA8gBAAUBAQIjMDAwMDAwAAPIAQAAAAEzQ1BJUDI4MDRTQkRYMURYMVJXAAJTNUtRVEZIQ1JLSFZaVlJSNUhSAAMFAUUzSEdCWUhSQzk4R0E2Rlc5RjYAAgAAATNYQk9GQlIzMDJFWUMwVVFENTEAAgAAAVNRNldKTzBHTlVKR0ZVOExIVlYAAgAAAUhLMTRPMUFTQU5QWUhPTkZMTFEAAgFJbUFzdHJvAAABNkVXQlNFSjRZRlZHS0kyQVBCTAACAAAEAQAChebihoaWQSADh2hhMoagk4YEV01QOE5NSjVEOFhPMUFPSTFMOQAFgdih64S2EZmE2pRdhQKGhgYABwAABQIBQVFQNAAAAVBUUFJDAAAGAQECSEsxNE8xQVNBTlBZSE9ORkxMUQADfgAAAAQAAAhIWkVZWFNRT0VETkQyUTZNOTdNAAlQT1oySENQQlQ2MERTREo4VUE3AAoACwE2VDk2MjYwMTI2VFY0S0xHRFhHAAJDUkVIUkNLMllYUldKSzJKMEFMAAMBBAEAAiMwMDAwMDAAA8gBAAUBAQIjMDAwMDAwAAPIAQAAAAFFSVVBTFBZTkdaNVZVN1kyWTAyAAJRWlEyUUJNVTRUNUk0N0QxSzRGAAMFAUUzSEdCWUhSQzk4R0E2Rlc5RjYAAgAAATNYQk9GQlIzMDJFWUMwVVFENTEAAgAAAVNRNldKTzBHTlVKR0ZVOExIVlYAAgAAAUhLMTRPMUFTQU5QWUhPTkZMTFEAAgFJbUFzdHJvAAABNkVXQlNFSjRZRlZHS0kyQVBCTAACAAAEAQECgSLSW4EItT4DhF7dZoPqe8kABQIBQVFQNAAAAVBUUFJDAAAGAQECSEsxNE8xQVNBTlBZSE9ORkxMUQADfgAAAAQAAAhGVExBVU9WNlNMQjA3MVNWTlU5AAlQT1oySENQQlQ2MERTREo4VUE3AAoACwFub25lAAJub25lAAMBBAEAAiMwMDAwMDAAA8gBAAUBAQIjMDAwMDAwAAPIAQAAAAIIAA%3D%3D	markers in reference data on Allen Brain Cell Atlas
http://purl.obolibrary.org/obo/PCL_0160939	Astrocyte	NCBIGene:361	AQP4	Primate	DHBA:10332	SO:0001260			CAS evidence				Astrocyte	Group	https://dev-knowledge.brain-map.org/abcatlas#AQQBTlhKOU5aQVFBNU1FSFFOT1dKUQACVEdCUTJGRVYyN04wQ1BMS1ZBWgADBQFFM0hHQllIUkM5OEdBNkZXOUY2AAIAAAEzWEJPRkJSMzAyRVlDMFVRRDUxAAIAAAFTUTZXSk8wR05VSkdGVThMSFZWAAIAAAFISzE0TzFBU0FOUFlIT05GTExRAAIBQXN0cm9jeXRlAAABNkVXQlNFSjRZRlZHS0kyQVBCTAACAAAEAQAChMpFmYR%2BVoYDhQxy%2FoU8XEUEV01QOE5NSjVEOFhPMUFPSTFMOQAFg2xvMYI24kGDwAnEgzgCUgAFAQFBUVA0AAAGAQECSEsxNE8xQVNBTlBZSE9ORkxMUQADfgAAAAQAAAhJQTZZNlNON1FaU0lFSjBGWjBVAAlQT1oySENQQlQ2MERTREo4VUE3AAoACwE3NDE2QjVYSkRTWTBIREY5M1JPAAJDUkVIUkNLMllYUldKSzJKMEFMAAMBBAEAAiMwMDAwMDAAA8gBAAUBAQIjMDAwMDAwAAPIAQAAAAFWTTRFNko5RFBZWUQ3RTBCSE5CAAJLR1pMQVdJUENSNFc5OEY1TEQ2AAMFAUUzSEdCWUhSQzk4R0E2Rlc5RjYAAgAAATNYQk9GQlIzMDJFWUMwVVFENTEAAgAAAVNRNldKTzBHTlVKR0ZVOExIVlYAAgAAAUhLMTRPMUFTQU5QWUhPTkZMTFEAAgFBc3Ryb2N5dGUAAAE2RVdCU0VKNFlGVkdLSTJBUEJMAAIAAAQBAAKF%2FlmIhY7XHwOGCqZOhfScqgRXTVA4Tk1KNUQ4WE8xQU9JMUw5AAWEFMQWg4zFUoRiab%2BEtOdLBgAHAAAFAQFBUVA0AAAGAQECSEsxNE8xQVNBTlBZSE9ORkxMUQADfgAAAAQAAAg5QVVURTlTMTBLQUVDMlVaTzMxAAlQT1oySENQQlQ2MERTREo4VUE3AAoACwFZM1AxSk0xRU5DR1dFVzhVU1RWAAJDUkVIUkNLMllYUldKSzJKMEFMAAMBBAEAAiMwMDAwMDAAA8gBAAUBAQIjMDAwMDAwAAPIAQAAAAEzQ1BJUDI4MDRTQkRYMURYMVJXAAJTNUtRVEZIQ1JLSFZaVlJSNUhSAAMFAUUzSEdCWUhSQzk4R0E2Rlc5RjYAAgAAATNYQk9GQlIzMDJFWUMwVVFENTEAAgAAAVNRNldKTzBHTlVKR0ZVOExIVlYAAgAAAUhLMTRPMUFTQU5QWUhPTkZMTFEAAgFBc3Ryb2N5dGUAAAE2RVdCU0VKNFlGVkdLSTJBUEJMAAIAAAQBAAKF5uKGhpZBIAOHaGEyhqCThgRXTVA4Tk1KNUQ4WE8xQU9JMUw5AAWB2KHrhLYRmYTalF2FAoaGBgAHAAAFAQFBUVA0AAAGAQECSEsxNE8xQVNBTlBZSE9ORkxMUQADfgAAAAQAAAhIWkVZWFNRT0VETkQyUTZNOTdNAAlQT1oySENQQlQ2MERTREo4VUE3AAoACwE2VDk2MjYwMTI2VFY0S0xHRFhHAAJDUkVIUkNLMllYUldKSzJKMEFMAAMBBAEAAiMwMDAwMDAAA8gBAAUBAQIjMDAwMDAwAAPIAQAAAAFFSVVBTFBZTkdaNVZVN1kyWTAyAAJRWlEyUUJNVTRUNUk0N0QxSzRGAAMFAUUzSEdCWUhSQzk4R0E2Rlc5RjYAAgAAATNYQk9GQlIzMDJFWUMwVVFENTEAAgAAAVNRNldKTzBHTlVKR0ZVOExIVlYAAgAAAUhLMTRPMUFTQU5QWUhPTkZMTFEAAgFBc3Ryb2N5dGUAAAE2RVdCU0VKNFlGVkdLSTJBUEJMAAIAAAQBAQKBItJbgQi1PgOEXt1mg%2Bp7yQAFAQFBUVA0AAAGAQECSEsxNE8xQVNBTlBZSE9ORkxMUQADfgAAAAQAAAhGVExBVU9WNlNMQjA3MVNWTlU5AAlQT1oySENQQlQ2MERTREo4VUE3AAoACwFub25lAAJub25lAAMBBAEAAiMwMDAwMDAAA8gBAAUBAQIjMDAwMDAwAAPIAQAAAAIIAA%3D%3D	markers in reference data on Allen Brain Cell Atlas
http://purl.obolibrary.org/obo/PCL_0160912	Ependymal	NCBIGene:8701	DNAH11	Primate	DHBA:10332	SO:0001260			CAS evidence				Ependymal	Subclass	https://dev-knowledge.brain-map.org/abcatlas#AQQBTlhKOU5aQVFBNU1FSFFOT1dKUQACVEdCUTJGRVYyN04wQ1BMS1ZBWgADBQFFM0hHQllIUkM5OEdBNkZXOUY2AAIAAAEzWEJPRkJSMzAyRVlDMFVRRDUxAAIAAAFTUTZXSk8wR05VSkdGVThMSFZWAAIBRXBlbmR5bWFsAAABSEsxNE8xQVNBTlBZSE9ORkxMUQACAAABNkVXQlNFSjRZRlZHS0kyQVBCTAACAAAEAQAChMpFmYR%2BVoYDhQxy%2FoU8XEUEV01QOE5NSjVEOFhPMUFPSTFMOQAFg2xvMYI24kGDwAnEgzgCUgAFAQFETkFIMTEAAAYBAQJTUTZXSk8wR05VSkdGVThMSFZWAAN%2BAAAABAAACElBNlk2U043UVpTSUVKMEZaMFUACVBPWjJIQ1BCVDYwRFNESjhVQTcACgALATc0MTZCNVhKRFNZMEhERjkzUk8AAkNSRUhSQ0syWVhSV0pLMkowQUwAAwEEAQACIzAwMDAwMAADyAEABQEBAiMwMDAwMDAAA8gBAAAAAVZNNEU2SjlEUFlZRDdFMEJITkIAAktHWkxBV0lQQ1I0Vzk4RjVMRDYAAwUBRTNIR0JZSFJDOThHQTZGVzlGNgACAAABM1hCT0ZCUjMwMkVZQzBVUUQ1MQACAAABU1E2V0pPMEdOVUpHRlU4TEhWVgACAUVwZW5keW1hbAAAAUhLMTRPMUFTQU5QWUhPTkZMTFEAAgAAATZFV0JTRUo0WUZWR0tJMkFQQkwAAgAABAEAAoX%2BWYiFjtcfA4YKpk6F9JyqBFdNUDhOTUo1RDhYTzFBT0kxTDkABYQUxBaDjMVShGJpv4S050sGAAcAAAUBAUROQUgxMQAABgEBAlNRNldKTzBHTlVKR0ZVOExIVlYAA34AAAAEAAAIOUFVVEU5UzEwS0FFQzJVWk8zMQAJUE9aMkhDUEJUNjBEU0RKOFVBNwAKAAsBWTNQMUpNMUVOQ0dXRVc4VVNUVgACQ1JFSFJDSzJZWFJXSksySjBBTAADAQQBAAIjMDAwMDAwAAPIAQAFAQECIzAwMDAwMAADyAEAAAABM0NQSVAyODA0U0JEWDFEWDFSVwACUzVLUVRGSENSS0hWWlZSUjVIUgADBQFFM0hHQllIUkM5OEdBNkZXOUY2AAIAAAEzWEJPRkJSMzAyRVlDMFVRRDUxAAIAAAFTUTZXSk8wR05VSkdGVThMSFZWAAIBRXBlbmR5bWFsAAABSEsxNE8xQVNBTlBZSE9ORkxMUQACAAABNkVXQlNFSjRZRlZHS0kyQVBCTAACAAAEAQAChebihoaWQSADh2hhMoagk4YEV01QOE5NSjVEOFhPMUFPSTFMOQAFgdih64S2EZmE2pRdhQKGhgYABwAABQEBRE5BSDExAAAGAQECU1E2V0pPMEdOVUpHRlU4TEhWVgADfgAAAAQAAAhIWkVZWFNRT0VETkQyUTZNOTdNAAlQT1oySENQQlQ2MERTREo4VUE3AAoACwE2VDk2MjYwMTI2VFY0S0xHRFhHAAJDUkVIUkNLMllYUldKSzJKMEFMAAMBBAEAAiMwMDAwMDAAA8gBAAUBAQIjMDAwMDAwAAPIAQAAAAFFSVVBTFBZTkdaNVZVN1kyWTAyAAJRWlEyUUJNVTRUNUk0N0QxSzRGAAMFAUUzSEdCWUhSQzk4R0E2Rlc5RjYAAgAAATNYQk9GQlIzMDJFWUMwVVFENTEAAgAAAVNRNldKTzBHTlVKR0ZVOExIVlYAAgFFcGVuZHltYWwAAAFISzE0TzFBU0FOUFlIT05GTExRAAIAAAE2RVdCU0VKNFlGVkdLSTJBUEJMAAIAAAQBAQKBItJbgQi1PgOEXt1mg%2Bp7yQAFAQFETkFIMTEAAAYBAQJTUTZXSk8wR05VSkdGVThMSFZWAAN%2BAAAABAAACEZUTEFVT1Y2U0xCMDcxU1ZOVTkACVBPWjJIQ1BCVDYwRFNESjhVQTcACgALAW5vbmUAAm5vbmUAAwEEAQACIzAwMDAwMAADyAEABQEBAiMwMDAwMDAAA8gBAAAAAggA	markers in reference data on Allen Brain Cell Atlas
http://purl.obolibrary.org/obo/PCL_0160919	Microglia	NCBIGene:1524	CX3CR1	Primate	DHBA:10332	SO:0001260			CAS evidence				Microglia	Subclass	https://dev-knowledge.brain-map.org/abcatlas#AQQBTlhKOU5aQVFBNU1FSFFOT1dKUQACVEdCUTJGRVYyN04wQ1BMS1ZBWgADBQFFM0hHQllIUkM5OEdBNkZXOUY2AAIAAAEzWEJPRkJSMzAyRVlDMFVRRDUxAAIAAAFTUTZXSk8wR05VSkdGVThMSFZWAAIBTWljcm9nbGlhAAABSEsxNE8xQVNBTlBZSE9ORkxMUQACAAABNkVXQlNFSjRZRlZHS0kyQVBCTAACAAAEAQAChMpFmYR%2BVoYDhQxy%2FoU8XEUEV01QOE5NSjVEOFhPMUFPSTFMOQAFg2xvMYI24kGDwAnEgzgCUgAFAQFDWDNDUjEAAAYBAQJTUTZXSk8wR05VSkdGVThMSFZWAAN%2BAAAABAAACElBNlk2U043UVpTSUVKMEZaMFUACVBPWjJIQ1BCVDYwRFNESjhVQTcACgALATc0MTZCNVhKRFNZMEhERjkzUk8AAkNSRUhSQ0syWVhSV0pLMkowQUwAAwEEAQACIzAwMDAwMAADyAEABQEBAiMwMDAwMDAAA8gBAAAAAVZNNEU2SjlEUFlZRDdFMEJITkIAAktHWkxBV0lQQ1I0Vzk4RjVMRDYAAwUBRTNIR0JZSFJDOThHQTZGVzlGNgACAAABM1hCT0ZCUjMwMkVZQzBVUUQ1MQACAAABU1E2V0pPMEdOVUpHRlU4TEhWVgACAU1pY3JvZ2xpYQAAAUhLMTRPMUFTQU5QWUhPTkZMTFEAAgAAATZFV0JTRUo0WUZWR0tJMkFQQkwAAgAABAEAAoX%2BWYiFjtcfA4YKpk6F9JyqBFdNUDhOTUo1RDhYTzFBT0kxTDkABYQUxBaDjMVShGJpv4S050sGAAcAAAUBAUNYM0NSMQAABgEBAlNRNldKTzBHTlVKR0ZVOExIVlYAA34AAAAEAAAIOUFVVEU5UzEwS0FFQzJVWk8zMQAJUE9aMkhDUEJUNjBEU0RKOFVBNwAKAAsBWTNQMUpNMUVOQ0dXRVc4VVNUVgACQ1JFSFJDSzJZWFJXSksySjBBTAADAQQBAAIjMDAwMDAwAAPIAQAFAQECIzAwMDAwMAADyAEAAAABM0NQSVAyODA0U0JEWDFEWDFSVwACUzVLUVRGSENSS0hWWlZSUjVIUgADBQFFM0hHQllIUkM5OEdBNkZXOUY2AAIAAAEzWEJPRkJSMzAyRVlDMFVRRDUxAAIAAAFTUTZXSk8wR05VSkdGVThMSFZWAAIBTWljcm9nbGlhAAABSEsxNE8xQVNBTlBZSE9ORkxMUQACAAABNkVXQlNFSjRZRlZHS0kyQVBCTAACAAAEAQAChebihoaWQSADh2hhMoagk4YEV01QOE5NSjVEOFhPMUFPSTFMOQAFgdih64S2EZmE2pRdhQKGhgYABwAABQEBQ1gzQ1IxAAAGAQECU1E2V0pPMEdOVUpHRlU4TEhWVgADfgAAAAQAAAhIWkVZWFNRT0VETkQyUTZNOTdNAAlQT1oySENQQlQ2MERTREo4VUE3AAoACwE2VDk2MjYwMTI2VFY0S0xHRFhHAAJDUkVIUkNLMllYUldKSzJKMEFMAAMBBAEAAiMwMDAwMDAAA8gBAAUBAQIjMDAwMDAwAAPIAQAAAAFFSVVBTFBZTkdaNVZVN1kyWTAyAAJRWlEyUUJNVTRUNUk0N0QxSzRGAAMFAUUzSEdCWUhSQzk4R0E2Rlc5RjYAAgAAATNYQk9GQlIzMDJFWUMwVVFENTEAAgAAAVNRNldKTzBHTlVKR0ZVOExIVlYAAgFNaWNyb2dsaWEAAAFISzE0TzFBU0FOUFlIT05GTExRAAIAAAE2RVdCU0VKNFlGVkdLSTJBUEJMAAIAAAQBAQKBItJbgQi1PgOEXt1mg%2Bp7yQAFAQFDWDNDUjEAAAYBAQJTUTZXSk8wR05VSkdGVThMSFZWAAN%2BAAAABAAACEZUTEFVT1Y2U0xCMDcxU1ZOVTkACVBPWjJIQ1BCVDYwRFNESjhVQTcACgALAW5vbmUAAm5vbmUAAwEEAQACIzAwMDAwMAADyAEABQEBAiMwMDAwMDAAA8gBAAAAAggA	markers in reference data on Allen Brain Cell Atlas
http://purl.obolibrary.org/obo/PCL_0160901	Macrophage	NCBIGene:9332|NCBIGene:4360	CD163, MRC1	Primate	DHBA:10332	SO:0001260			CAS evidence				Macrophage	Subclass	https://dev-knowledge.brain-map.org/abcatlas#AQQBTlhKOU5aQVFBNU1FSFFOT1dKUQACVEdCUTJGRVYyN04wQ1BMS1ZBWgADBQFFM0hHQllIUkM5OEdBNkZXOUY2AAIAAAEzWEJPRkJSMzAyRVlDMFVRRDUxAAIAAAFTUTZXSk8wR05VSkdGVThMSFZWAAIBTWFjcm9waGFnZQAAAUhLMTRPMUFTQU5QWUhPTkZMTFEAAgAAATZFV0JTRUo0WUZWR0tJMkFQQkwAAgAABAEAAoTKRZmEflaGA4UMcv6FPFxFBFdNUDhOTUo1RDhYTzFBT0kxTDkABYNsbzGCNuJBg8AJxIM4AlIABQIBQ0QxNjMAAAFNUkMxAAAGAQECU1E2V0pPMEdOVUpHRlU4TEhWVgADfgAAAAQAAAhJQTZZNlNON1FaU0lFSjBGWjBVAAlQT1oySENQQlQ2MERTREo4VUE3AAoACwE3NDE2QjVYSkRTWTBIREY5M1JPAAJDUkVIUkNLMllYUldKSzJKMEFMAAMBBAEAAiMwMDAwMDAAA8gBAAUBAQIjMDAwMDAwAAPIAQAAAAFWTTRFNko5RFBZWUQ3RTBCSE5CAAJLR1pMQVdJUENSNFc5OEY1TEQ2AAMFAUUzSEdCWUhSQzk4R0E2Rlc5RjYAAgAAATNYQk9GQlIzMDJFWUMwVVFENTEAAgAAAVNRNldKTzBHTlVKR0ZVOExIVlYAAgFNYWNyb3BoYWdlAAABSEsxNE8xQVNBTlBZSE9ORkxMUQACAAABNkVXQlNFSjRZRlZHS0kyQVBCTAACAAAEAQAChf5ZiIWO1x8DhgqmToX0nKoEV01QOE5NSjVEOFhPMUFPSTFMOQAFhBTEFoOMxVKEYmm%2FhLTnSwYABwAABQIBQ0QxNjMAAAFNUkMxAAAGAQECU1E2V0pPMEdOVUpHRlU4TEhWVgADfgAAAAQAAAg5QVVURTlTMTBLQUVDMlVaTzMxAAlQT1oySENQQlQ2MERTREo4VUE3AAoACwFZM1AxSk0xRU5DR1dFVzhVU1RWAAJDUkVIUkNLMllYUldKSzJKMEFMAAMBBAEAAiMwMDAwMDAAA8gBAAUBAQIjMDAwMDAwAAPIAQAAAAEzQ1BJUDI4MDRTQkRYMURYMVJXAAJTNUtRVEZIQ1JLSFZaVlJSNUhSAAMFAUUzSEdCWUhSQzk4R0E2Rlc5RjYAAgAAATNYQk9GQlIzMDJFWUMwVVFENTEAAgAAAVNRNldKTzBHTlVKR0ZVOExIVlYAAgFNYWNyb3BoYWdlAAABSEsxNE8xQVNBTlBZSE9ORkxMUQACAAABNkVXQlNFSjRZRlZHS0kyQVBCTAACAAAEAQAChebihoaWQSADh2hhMoagk4YEV01QOE5NSjVEOFhPMUFPSTFMOQAFgdih64S2EZmE2pRdhQKGhgYABwAABQIBQ0QxNjMAAAFNUkMxAAAGAQECU1E2V0pPMEdOVUpHRlU4TEhWVgADfgAAAAQAAAhIWkVZWFNRT0VETkQyUTZNOTdNAAlQT1oySENQQlQ2MERTREo4VUE3AAoACwE2VDk2MjYwMTI2VFY0S0xHRFhHAAJDUkVIUkNLMllYUldKSzJKMEFMAAMBBAEAAiMwMDAwMDAAA8gBAAUBAQIjMDAwMDAwAAPIAQAAAAFFSVVBTFBZTkdaNVZVN1kyWTAyAAJRWlEyUUJNVTRUNUk0N0QxSzRGAAMFAUUzSEdCWUhSQzk4R0E2Rlc5RjYAAgAAATNYQk9GQlIzMDJFWUMwVVFENTEAAgAAAVNRNldKTzBHTlVKR0ZVOExIVlYAAgFNYWNyb3BoYWdlAAABSEsxNE8xQVNBTlBZSE9ORkxMUQACAAABNkVXQlNFSjRZRlZHS0kyQVBCTAACAAAEAQECgSLSW4EItT4DhF7dZoPqe8kABQIBQ0QxNjMAAAFNUkMxAAAGAQECU1E2V0pPMEdOVUpHRlU4TEhWVgADfgAAAAQAAAhGVExBVU9WNlNMQjA3MVNWTlU5AAlQT1oySENQQlQ2MERTREo4VUE3AAoACwFub25lAAJub25lAAMBBAEAAiMwMDAwMDAAA8gBAAUBAQIjMDAwMDAwAAPIAQAAAAIIAA%3D%3D	markers in reference data on Allen Brain Cell Atlas
http://purl.obolibrary.org/obo/PCL_0160922	Monocyte	NCBIGene:2268	FGR	Primate	DHBA:10332	SO:0001260			CAS evidence				Monocyte	Subclass	https://dev-knowledge.brain-map.org/abcatlas#AQQBTlhKOU5aQVFBNU1FSFFOT1dKUQACVEdCUTJGRVYyN04wQ1BMS1ZBWgADBQFFM0hHQllIUkM5OEdBNkZXOUY2AAIAAAEzWEJPRkJSMzAyRVlDMFVRRDUxAAIAAAFTUTZXSk8wR05VSkdGVThMSFZWAAIBTW9ub2N5dGUAAAFISzE0TzFBU0FOUFlIT05GTExRAAIAAAE2RVdCU0VKNFlGVkdLSTJBUEJMAAIAAAQBAAKEykWZhH5WhgOFDHL%2BhTxcRQRXTVA4Tk1KNUQ4WE8xQU9JMUw5AAWDbG8xgjbiQYPACcSDOAJSAAUBAUZHUgAABgEBAlNRNldKTzBHTlVKR0ZVOExIVlYAA34AAAAEAAAISUE2WTZTTjdRWlNJRUowRlowVQAJUE9aMkhDUEJUNjBEU0RKOFVBNwAKAAsBNzQxNkI1WEpEU1kwSERGOTNSTwACQ1JFSFJDSzJZWFJXSksySjBBTAADAQQBAAIjMDAwMDAwAAPIAQAFAQECIzAwMDAwMAADyAEAAAABVk00RTZKOURQWVlEN0UwQkhOQgACS0daTEFXSVBDUjRXOThGNUxENgADBQFFM0hHQllIUkM5OEdBNkZXOUY2AAIAAAEzWEJPRkJSMzAyRVlDMFVRRDUxAAIAAAFTUTZXSk8wR05VSkdGVThMSFZWAAIBTW9ub2N5dGUAAAFISzE0TzFBU0FOUFlIT05GTExRAAIAAAE2RVdCU0VKNFlGVkdLSTJBUEJMAAIAAAQBAAKF%2FlmIhY7XHwOGCqZOhfScqgRXTVA4Tk1KNUQ4WE8xQU9JMUw5AAWEFMQWg4zFUoRiab%2BEtOdLBgAHAAAFAQFGR1IAAAYBAQJTUTZXSk8wR05VSkdGVThMSFZWAAN%2BAAAABAAACDlBVVRFOVMxMEtBRUMyVVpPMzEACVBPWjJIQ1BCVDYwRFNESjhVQTcACgALAVkzUDFKTTFFTkNHV0VXOFVTVFYAAkNSRUhSQ0syWVhSV0pLMkowQUwAAwEEAQACIzAwMDAwMAADyAEABQEBAiMwMDAwMDAAA8gBAAAAATNDUElQMjgwNFNCRFgxRFgxUlcAAlM1S1FURkhDUktIVlpWUlI1SFIAAwUBRTNIR0JZSFJDOThHQTZGVzlGNgACAAABM1hCT0ZCUjMwMkVZQzBVUUQ1MQACAAABU1E2V0pPMEdOVUpHRlU4TEhWVgACAU1vbm9jeXRlAAABSEsxNE8xQVNBTlBZSE9ORkxMUQACAAABNkVXQlNFSjRZRlZHS0kyQVBCTAACAAAEAQAChebihoaWQSADh2hhMoagk4YEV01QOE5NSjVEOFhPMUFPSTFMOQAFgdih64S2EZmE2pRdhQKGhgYABwAABQEBRkdSAAAGAQECU1E2V0pPMEdOVUpHRlU4TEhWVgADfgAAAAQAAAhIWkVZWFNRT0VETkQyUTZNOTdNAAlQT1oySENQQlQ2MERTREo4VUE3AAoACwE2VDk2MjYwMTI2VFY0S0xHRFhHAAJDUkVIUkNLMllYUldKSzJKMEFMAAMBBAEAAiMwMDAwMDAAA8gBAAUBAQIjMDAwMDAwAAPIAQAAAAFFSVVBTFBZTkdaNVZVN1kyWTAyAAJRWlEyUUJNVTRUNUk0N0QxSzRGAAMFAUUzSEdCWUhSQzk4R0E2Rlc5RjYAAgAAATNYQk9GQlIzMDJFWUMwVVFENTEAAgAAAVNRNldKTzBHTlVKR0ZVOExIVlYAAgFNb25vY3l0ZQAAAUhLMTRPMUFTQU5QWUhPTkZMTFEAAgAAATZFV0JTRUo0WUZWR0tJMkFQQkwAAgAABAEBAoEi0luBCLU%2BA4Re3WaD6nvJAAUBAUZHUgAABgEBAlNRNldKTzBHTlVKR0ZVOExIVlYAA34AAAAEAAAIRlRMQVVPVjZTTEIwNzFTVk5VOQAJUE9aMkhDUEJUNjBEU0RKOFVBNwAKAAsBbm9uZQACbm9uZQADAQQBAAIjMDAwMDAwAAPIAQAFAQECIzAwMDAwMAADyAEAAAACCAA%3D	markers in reference data on Allen Brain Cell Atlas
http://purl.obolibrary.org/obo/PCL_0160900	B cells	NCBIGene:115350|NCBIGene:55024	FCRL1, BANK1	Primate	DHBA:10332	SO:0001260			CAS evidence				B cells	Group	https://dev-knowledge.brain-map.org/abcatlas#AQQBTlhKOU5aQVFBNU1FSFFOT1dKUQACVEdCUTJGRVYyN04wQ1BMS1ZBWgADBQFFM0hHQllIUkM5OEdBNkZXOUY2AAIAAAEzWEJPRkJSMzAyRVlDMFVRRDUxAAIAAAFTUTZXSk8wR05VSkdGVThMSFZWAAIAAAFISzE0TzFBU0FOUFlIT05GTExRAAIBQiBjZWxscwAAATZFV0JTRUo0WUZWR0tJMkFQQkwAAgAABAEAAoTKRZmEflaGA4UMcv6FPFxFBFdNUDhOTUo1RDhYTzFBT0kxTDkABYNsbzGCNuJBg8AJxIM4AlIABQIBRkNSTDEAAAFCQU5LMQAABgEBAkhLMTRPMUFTQU5QWUhPTkZMTFEAA34AAAAEAAAISUE2WTZTTjdRWlNJRUowRlowVQAJUE9aMkhDUEJUNjBEU0RKOFVBNwAKAAsBNzQxNkI1WEpEU1kwSERGOTNSTwACQ1JFSFJDSzJZWFJXSksySjBBTAADAQQBAAIjMDAwMDAwAAPIAQAFAQECIzAwMDAwMAADyAEAAAABVk00RTZKOURQWVlEN0UwQkhOQgACS0daTEFXSVBDUjRXOThGNUxENgADBQFFM0hHQllIUkM5OEdBNkZXOUY2AAIAAAEzWEJPRkJSMzAyRVlDMFVRRDUxAAIAAAFTUTZXSk8wR05VSkdGVThMSFZWAAIAAAFISzE0TzFBU0FOUFlIT05GTExRAAIBQiBjZWxscwAAATZFV0JTRUo0WUZWR0tJMkFQQkwAAgAABAEAAoX%2BWYiFjtcfA4YKpk6F9JyqBFdNUDhOTUo1RDhYTzFBT0kxTDkABYQUxBaDjMVShGJpv4S050sGAAcAAAUCAUZDUkwxAAABQkFOSzEAAAYBAQJISzE0TzFBU0FOUFlIT05GTExRAAN%2BAAAABAAACDlBVVRFOVMxMEtBRUMyVVpPMzEACVBPWjJIQ1BCVDYwRFNESjhVQTcACgALAVkzUDFKTTFFTkNHV0VXOFVTVFYAAkNSRUhSQ0syWVhSV0pLMkowQUwAAwEEAQACIzAwMDAwMAADyAEABQEBAiMwMDAwMDAAA8gBAAAAATNDUElQMjgwNFNCRFgxRFgxUlcAAlM1S1FURkhDUktIVlpWUlI1SFIAAwUBRTNIR0JZSFJDOThHQTZGVzlGNgACAAABM1hCT0ZCUjMwMkVZQzBVUUQ1MQACAAABU1E2V0pPMEdOVUpHRlU4TEhWVgACAAABSEsxNE8xQVNBTlBZSE9ORkxMUQACAUIgY2VsbHMAAAE2RVdCU0VKNFlGVkdLSTJBUEJMAAIAAAQBAAKF5uKGhpZBIAOHaGEyhqCThgRXTVA4Tk1KNUQ4WE8xQU9JMUw5AAWB2KHrhLYRmYTalF2FAoaGBgAHAAAFAgFGQ1JMMQAAAUJBTksxAAAGAQECSEsxNE8xQVNBTlBZSE9ORkxMUQADfgAAAAQAAAhIWkVZWFNRT0VETkQyUTZNOTdNAAlQT1oySENQQlQ2MERTREo4VUE3AAoACwE2VDk2MjYwMTI2VFY0S0xHRFhHAAJDUkVIUkNLMllYUldKSzJKMEFMAAMBBAEAAiMwMDAwMDAAA8gBAAUBAQIjMDAwMDAwAAPIAQAAAAFFSVVBTFBZTkdaNVZVN1kyWTAyAAJRWlEyUUJNVTRUNUk0N0QxSzRGAAMFAUUzSEdCWUhSQzk4R0E2Rlc5RjYAAgAAATNYQk9GQlIzMDJFWUMwVVFENTEAAgAAAVNRNldKTzBHTlVKR0ZVOExIVlYAAgAAAUhLMTRPMUFTQU5QWUhPTkZMTFEAAgFCIGNlbGxzAAABNkVXQlNFSjRZRlZHS0kyQVBCTAACAAAEAQECgSLSW4EItT4DhF7dZoPqe8kABQIBRkNSTDEAAAFCQU5LMQAABgEBAkhLMTRPMUFTQU5QWUhPTkZMTFEAA34AAAAEAAAIRlRMQVVPVjZTTEIwNzFTVk5VOQAJUE9aMkhDUEJUNjBEU0RKOFVBNwAKAAsBbm9uZQACbm9uZQADAQQBAAIjMDAwMDAwAAPIAQAFAQECIzAwMDAwMAADyAEAAAACCAA%3D	markers in reference data on Allen Brain Cell Atlas
http://purl.obolibrary.org/obo/PCL_0160959	T cells	NCBIGene:919|NCBIGene:3702	CD247, ITK	Primate	DHBA:10332	SO:0001260			CAS evidence				T cells	Group	https://dev-knowledge.brain-map.org/abcatlas#AQQBTlhKOU5aQVFBNU1FSFFOT1dKUQACVEdCUTJGRVYyN04wQ1BMS1ZBWgADBQFFM0hHQllIUkM5OEdBNkZXOUY2AAIAAAEzWEJPRkJSMzAyRVlDMFVRRDUxAAIAAAFTUTZXSk8wR05VSkdGVThMSFZWAAIAAAFISzE0TzFBU0FOUFlIT05GTExRAAIBVCBjZWxscwAAATZFV0JTRUo0WUZWR0tJMkFQQkwAAgAABAEAAoTKRZmEflaGA4UMcv6FPFxFBFdNUDhOTUo1RDhYTzFBT0kxTDkABYNsbzGCNuJBg8AJxIM4AlIABQIBQ0QyNDcAAAFJVEsAAAYBAQJISzE0TzFBU0FOUFlIT05GTExRAAN%2BAAAABAAACElBNlk2U043UVpTSUVKMEZaMFUACVBPWjJIQ1BCVDYwRFNESjhVQTcACgALATc0MTZCNVhKRFNZMEhERjkzUk8AAkNSRUhSQ0syWVhSV0pLMkowQUwAAwEEAQACIzAwMDAwMAADyAEABQEBAiMwMDAwMDAAA8gBAAAAAVZNNEU2SjlEUFlZRDdFMEJITkIAAktHWkxBV0lQQ1I0Vzk4RjVMRDYAAwUBRTNIR0JZSFJDOThHQTZGVzlGNgACAAABM1hCT0ZCUjMwMkVZQzBVUUQ1MQACAAABU1E2V0pPMEdOVUpHRlU4TEhWVgACAAABSEsxNE8xQVNBTlBZSE9ORkxMUQACAVQgY2VsbHMAAAE2RVdCU0VKNFlGVkdLSTJBUEJMAAIAAAQBAAKF%2FlmIhY7XHwOGCqZOhfScqgRXTVA4Tk1KNUQ4WE8xQU9JMUw5AAWEFMQWg4zFUoRiab%2BEtOdLBgAHAAAFAgFDRDI0NwAAAUlUSwAABgEBAkhLMTRPMUFTQU5QWUhPTkZMTFEAA34AAAAEAAAIOUFVVEU5UzEwS0FFQzJVWk8zMQAJUE9aMkhDUEJUNjBEU0RKOFVBNwAKAAsBWTNQMUpNMUVOQ0dXRVc4VVNUVgACQ1JFSFJDSzJZWFJXSksySjBBTAADAQQBAAIjMDAwMDAwAAPIAQAFAQECIzAwMDAwMAADyAEAAAABM0NQSVAyODA0U0JEWDFEWDFSVwACUzVLUVRGSENSS0hWWlZSUjVIUgADBQFFM0hHQllIUkM5OEdBNkZXOUY2AAIAAAEzWEJPRkJSMzAyRVlDMFVRRDUxAAIAAAFTUTZXSk8wR05VSkdGVThMSFZWAAIAAAFISzE0TzFBU0FOUFlIT05GTExRAAIBVCBjZWxscwAAATZFV0JTRUo0WUZWR0tJMkFQQkwAAgAABAEAAoXm4oaGlkEgA4doYTKGoJOGBFdNUDhOTUo1RDhYTzFBT0kxTDkABYHYoeuEthGZhNqUXYUChoYGAAcAAAUCAUNEMjQ3AAABSVRLAAAGAQECSEsxNE8xQVNBTlBZSE9ORkxMUQADfgAAAAQAAAhIWkVZWFNRT0VETkQyUTZNOTdNAAlQT1oySENQQlQ2MERTREo4VUE3AAoACwE2VDk2MjYwMTI2VFY0S0xHRFhHAAJDUkVIUkNLMllYUldKSzJKMEFMAAMBBAEAAiMwMDAwMDAAA8gBAAUBAQIjMDAwMDAwAAPIAQAAAAFFSVVBTFBZTkdaNVZVN1kyWTAyAAJRWlEyUUJNVTRUNUk0N0QxSzRGAAMFAUUzSEdCWUhSQzk4R0E2Rlc5RjYAAgAAATNYQk9GQlIzMDJFWUMwVVFENTEAAgAAAVNRNldKTzBHTlVKR0ZVOExIVlYAAgAAAUhLMTRPMUFTQU5QWUhPTkZMTFEAAgFUIGNlbGxzAAABNkVXQlNFSjRZRlZHS0kyQVBCTAACAAAEAQECgSLSW4EItT4DhF7dZoPqe8kABQIBQ0QyNDcAAAFJVEsAAAYBAQJISzE0TzFBU0FOUFlIT05GTExRAAN%2BAAAABAAACEZUTEFVT1Y2U0xCMDcxU1ZOVTkACVBPWjJIQ1BCVDYwRFNESjhVQTcACgALAW5vbmUAAm5vbmUAAwEEAQACIzAwMDAwMAADyAEABQEBAiMwMDAwMDAAA8gBAAAAAggA	markers in reference data on Allen Brain Cell Atlas
http://purl.obolibrary.org/obo/PCL_0160962	VLMC	NCBIGene:5156|NCBIGene:1634	PDGFRA, DCN	Primate	DHBA:10332	SO:0001260			CAS evidence				VLMC	Subclass	https://dev-knowledge.brain-map.org/abcatlas#AQQBTlhKOU5aQVFBNU1FSFFOT1dKUQACVEdCUTJGRVYyN04wQ1BMS1ZBWgADBQFFM0hHQllIUkM5OEdBNkZXOUY2AAIAAAEzWEJPRkJSMzAyRVlDMFVRRDUxAAIAAAFTUTZXSk8wR05VSkdGVThMSFZWAAIBVkxNQwAAAUhLMTRPMUFTQU5QWUhPTkZMTFEAAgAAATZFV0JTRUo0WUZWR0tJMkFQQkwAAgAABAEAAoTKRZmEflaGA4UMcv6FPFxFBFdNUDhOTUo1RDhYTzFBT0kxTDkABYNsbzGCNuJBg8AJxIM4AlIABQIBUERHRlJBAAABRENOAAAGAQECU1E2V0pPMEdOVUpHRlU4TEhWVgADfgAAAAQAAAhJQTZZNlNON1FaU0lFSjBGWjBVAAlQT1oySENQQlQ2MERTREo4VUE3AAoACwE3NDE2QjVYSkRTWTBIREY5M1JPAAJDUkVIUkNLMllYUldKSzJKMEFMAAMBBAEAAiMwMDAwMDAAA8gBAAUBAQIjMDAwMDAwAAPIAQAAAAFWTTRFNko5RFBZWUQ3RTBCSE5CAAJLR1pMQVdJUENSNFc5OEY1TEQ2AAMFAUUzSEdCWUhSQzk4R0E2Rlc5RjYAAgAAATNYQk9GQlIzMDJFWUMwVVFENTEAAgAAAVNRNldKTzBHTlVKR0ZVOExIVlYAAgFWTE1DAAABSEsxNE8xQVNBTlBZSE9ORkxMUQACAAABNkVXQlNFSjRZRlZHS0kyQVBCTAACAAAEAQAChf5ZiIWO1x8DhgqmToX0nKoEV01QOE5NSjVEOFhPMUFPSTFMOQAFhBTEFoOMxVKEYmm%2FhLTnSwYABwAABQIBUERHRlJBAAABRENOAAAGAQECU1E2V0pPMEdOVUpHRlU4TEhWVgADfgAAAAQAAAg5QVVURTlTMTBLQUVDMlVaTzMxAAlQT1oySENQQlQ2MERTREo4VUE3AAoACwFZM1AxSk0xRU5DR1dFVzhVU1RWAAJDUkVIUkNLMllYUldKSzJKMEFMAAMBBAEAAiMwMDAwMDAAA8gBAAUBAQIjMDAwMDAwAAPIAQAAAAEzQ1BJUDI4MDRTQkRYMURYMVJXAAJTNUtRVEZIQ1JLSFZaVlJSNUhSAAMFAUUzSEdCWUhSQzk4R0E2Rlc5RjYAAgAAATNYQk9GQlIzMDJFWUMwVVFENTEAAgAAAVNRNldKTzBHTlVKR0ZVOExIVlYAAgFWTE1DAAABSEsxNE8xQVNBTlBZSE9ORkxMUQACAAABNkVXQlNFSjRZRlZHS0kyQVBCTAACAAAEAQAChebihoaWQSADh2hhMoagk4YEV01QOE5NSjVEOFhPMUFPSTFMOQAFgdih64S2EZmE2pRdhQKGhgYABwAABQIBUERHRlJBAAABRENOAAAGAQECU1E2V0pPMEdOVUpHRlU4TEhWVgADfgAAAAQAAAhIWkVZWFNRT0VETkQyUTZNOTdNAAlQT1oySENQQlQ2MERTREo4VUE3AAoACwE2VDk2MjYwMTI2VFY0S0xHRFhHAAJDUkVIUkNLMllYUldKSzJKMEFMAAMBBAEAAiMwMDAwMDAAA8gBAAUBAQIjMDAwMDAwAAPIAQAAAAFFSVVBTFBZTkdaNVZVN1kyWTAyAAJRWlEyUUJNVTRUNUk0N0QxSzRGAAMFAUUzSEdCWUhSQzk4R0E2Rlc5RjYAAgAAATNYQk9GQlIzMDJFWUMwVVFENTEAAgAAAVNRNldKTzBHTlVKR0ZVOExIVlYAAgFWTE1DAAABSEsxNE8xQVNBTlBZSE9ORkxMUQACAAABNkVXQlNFSjRZRlZHS0kyQVBCTAACAAAEAQECgSLSW4EItT4DhF7dZoPqe8kABQIBUERHRlJBAAABRENOAAAGAQECU1E2V0pPMEdOVUpHRlU4TEhWVgADfgAAAAQAAAhGVExBVU9WNlNMQjA3MVNWTlU5AAlQT1oySENQQlQ2MERTREo4VUE3AAoACwFub25lAAJub25lAAMBBAEAAiMwMDAwMDAAA8gBAAUBAQIjMDAwMDAwAAPIAQAAAAIIAA%3D%3D	markers in reference data on Allen Brain Cell Atlas
http://purl.obolibrary.org/obo/PCL_0160928	SMC	NCBIGene:59	ACTA2	Primate	DHBA:10332	SO:0001260			CAS evidence				SMC	Subclass	https://dev-knowledge.brain-map.org/abcatlas#AQQBTlhKOU5aQVFBNU1FSFFOT1dKUQACVEdCUTJGRVYyN04wQ1BMS1ZBWgADBQFFM0hHQllIUkM5OEdBNkZXOUY2AAIAAAEzWEJPRkJSMzAyRVlDMFVRRDUxAAIAAAFTUTZXSk8wR05VSkdGVThMSFZWAAIBU01DAAABSEsxNE8xQVNBTlBZSE9ORkxMUQACAAABNkVXQlNFSjRZRlZHS0kyQVBCTAACAAAEAQAChMpFmYR%2BVoYDhQxy%2FoU8XEUEV01QOE5NSjVEOFhPMUFPSTFMOQAFg2xvMYI24kGDwAnEgzgCUgAFAQFBQ1RBMgAABgEBAlNRNldKTzBHTlVKR0ZVOExIVlYAA34AAAAEAAAISUE2WTZTTjdRWlNJRUowRlowVQAJUE9aMkhDUEJUNjBEU0RKOFVBNwAKAAsBNzQxNkI1WEpEU1kwSERGOTNSTwACQ1JFSFJDSzJZWFJXSksySjBBTAADAQQBAAIjMDAwMDAwAAPIAQAFAQECIzAwMDAwMAADyAEAAAABVk00RTZKOURQWVlEN0UwQkhOQgACS0daTEFXSVBDUjRXOThGNUxENgADBQFFM0hHQllIUkM5OEdBNkZXOUY2AAIAAAEzWEJPRkJSMzAyRVlDMFVRRDUxAAIAAAFTUTZXSk8wR05VSkdGVThMSFZWAAIBU01DAAABSEsxNE8xQVNBTlBZSE9ORkxMUQACAAABNkVXQlNFSjRZRlZHS0kyQVBCTAACAAAEAQAChf5ZiIWO1x8DhgqmToX0nKoEV01QOE5NSjVEOFhPMUFPSTFMOQAFhBTEFoOMxVKEYmm%2FhLTnSwYABwAABQEBQUNUQTIAAAYBAQJTUTZXSk8wR05VSkdGVThMSFZWAAN%2BAAAABAAACDlBVVRFOVMxMEtBRUMyVVpPMzEACVBPWjJIQ1BCVDYwRFNESjhVQTcACgALAVkzUDFKTTFFTkNHV0VXOFVTVFYAAkNSRUhSQ0syWVhSV0pLMkowQUwAAwEEAQACIzAwMDAwMAADyAEABQEBAiMwMDAwMDAAA8gBAAAAATNDUElQMjgwNFNCRFgxRFgxUlcAAlM1S1FURkhDUktIVlpWUlI1SFIAAwUBRTNIR0JZSFJDOThHQTZGVzlGNgACAAABM1hCT0ZCUjMwMkVZQzBVUUQ1MQACAAABU1E2V0pPMEdOVUpHRlU4TEhWVgACAVNNQwAAAUhLMTRPMUFTQU5QWUhPTkZMTFEAAgAAATZFV0JTRUo0WUZWR0tJMkFQQkwAAgAABAEAAoXm4oaGlkEgA4doYTKGoJOGBFdNUDhOTUo1RDhYTzFBT0kxTDkABYHYoeuEthGZhNqUXYUChoYGAAcAAAUBAUFDVEEyAAAGAQECU1E2V0pPMEdOVUpHRlU4TEhWVgADfgAAAAQAAAhIWkVZWFNRT0VETkQyUTZNOTdNAAlQT1oySENQQlQ2MERTREo4VUE3AAoACwE2VDk2MjYwMTI2VFY0S0xHRFhHAAJDUkVIUkNLMllYUldKSzJKMEFMAAMBBAEAAiMwMDAwMDAAA8gBAAUBAQIjMDAwMDAwAAPIAQAAAAFFSVVBTFBZTkdaNVZVN1kyWTAyAAJRWlEyUUJNVTRUNUk0N0QxSzRGAAMFAUUzSEdCWUhSQzk4R0E2Rlc5RjYAAgAAATNYQk9GQlIzMDJFWUMwVVFENTEAAgAAAVNRNldKTzBHTlVKR0ZVOExIVlYAAgFTTUMAAAFISzE0TzFBU0FOUFlIT05GTExRAAIAAAE2RVdCU0VKNFlGVkdLSTJBUEJMAAIAAAQBAQKBItJbgQi1PgOEXt1mg%2Bp7yQAFAQFBQ1RBMgAABgEBAlNRNldKTzBHTlVKR0ZVOExIVlYAA34AAAAEAAAIRlRMQVVPVjZTTEIwNzFTVk5VOQAJUE9aMkhDUEJUNjBEU0RKOFVBNwAKAAsBbm9uZQACbm9uZQADAQQBAAIjMDAwMDAwAAPIAQAFAQECIzAwMDAwMAADyAEAAAACCAA%3D	markers in reference data on Allen Brain Cell Atlas
http://purl.obolibrary.org/obo/PCL_0160927	Pericyte	NCBIGene:5159	PDGFRB	Primate	DHBA:10332	SO:0001260			CAS evidence				Pericyte	Subclass	https://dev-knowledge.brain-map.org/abcatlas#AQQBTlhKOU5aQVFBNU1FSFFOT1dKUQACVEdCUTJGRVYyN04wQ1BMS1ZBWgADBQFFM0hHQllIUkM5OEdBNkZXOUY2AAIAAAEzWEJPRkJSMzAyRVlDMFVRRDUxAAIAAAFTUTZXSk8wR05VSkdGVThMSFZWAAIBUGVyaWN5dGUAAAFISzE0TzFBU0FOUFlIT05GTExRAAIAAAE2RVdCU0VKNFlGVkdLSTJBUEJMAAIAAAQBAAKEykWZhH5WhgOFDHL%2BhTxcRQRXTVA4Tk1KNUQ4WE8xQU9JMUw5AAWDbG8xgjbiQYPACcSDOAJSAAUBAVBER0ZSQgAABgEBAlNRNldKTzBHTlVKR0ZVOExIVlYAA34AAAAEAAAISUE2WTZTTjdRWlNJRUowRlowVQAJUE9aMkhDUEJUNjBEU0RKOFVBNwAKAAsBNzQxNkI1WEpEU1kwSERGOTNSTwACQ1JFSFJDSzJZWFJXSksySjBBTAADAQQBAAIjMDAwMDAwAAPIAQAFAQECIzAwMDAwMAADyAEAAAABVk00RTZKOURQWVlEN0UwQkhOQgACS0daTEFXSVBDUjRXOThGNUxENgADBQFFM0hHQllIUkM5OEdBNkZXOUY2AAIAAAEzWEJPRkJSMzAyRVlDMFVRRDUxAAIAAAFTUTZXSk8wR05VSkdGVThMSFZWAAIBUGVyaWN5dGUAAAFISzE0TzFBU0FOUFlIT05GTExRAAIAAAE2RVdCU0VKNFlGVkdLSTJBUEJMAAIAAAQBAAKF%2FlmIhY7XHwOGCqZOhfScqgRXTVA4Tk1KNUQ4WE8xQU9JMUw5AAWEFMQWg4zFUoRiab%2BEtOdLBgAHAAAFAQFQREdGUkIAAAYBAQJTUTZXSk8wR05VSkdGVThMSFZWAAN%2BAAAABAAACDlBVVRFOVMxMEtBRUMyVVpPMzEACVBPWjJIQ1BCVDYwRFNESjhVQTcACgALAVkzUDFKTTFFTkNHV0VXOFVTVFYAAkNSRUhSQ0syWVhSV0pLMkowQUwAAwEEAQACIzAwMDAwMAADyAEABQEBAiMwMDAwMDAAA8gBAAAAATNDUElQMjgwNFNCRFgxRFgxUlcAAlM1S1FURkhDUktIVlpWUlI1SFIAAwUBRTNIR0JZSFJDOThHQTZGVzlGNgACAAABM1hCT0ZCUjMwMkVZQzBVUUQ1MQACAAABU1E2V0pPMEdOVUpHRlU4TEhWVgACAVBlcmljeXRlAAABSEsxNE8xQVNBTlBZSE9ORkxMUQACAAABNkVXQlNFSjRZRlZHS0kyQVBCTAACAAAEAQAChebihoaWQSADh2hhMoagk4YEV01QOE5NSjVEOFhPMUFPSTFMOQAFgdih64S2EZmE2pRdhQKGhgYABwAABQEBUERHRlJCAAAGAQECU1E2V0pPMEdOVUpHRlU4TEhWVgADfgAAAAQAAAhIWkVZWFNRT0VETkQyUTZNOTdNAAlQT1oySENQQlQ2MERTREo4VUE3AAoACwE2VDk2MjYwMTI2VFY0S0xHRFhHAAJDUkVIUkNLMllYUldKSzJKMEFMAAMBBAEAAiMwMDAwMDAAA8gBAAUBAQIjMDAwMDAwAAPIAQAAAAFFSVVBTFBZTkdaNVZVN1kyWTAyAAJRWlEyUUJNVTRUNUk0N0QxSzRGAAMFAUUzSEdCWUhSQzk4R0E2Rlc5RjYAAgAAATNYQk9GQlIzMDJFWUMwVVFENTEAAgAAAVNRNldKTzBHTlVKR0ZVOExIVlYAAgFQZXJpY3l0ZQAAAUhLMTRPMUFTQU5QWUhPTkZMTFEAAgAAATZFV0JTRUo0WUZWR0tJMkFQQkwAAgAABAEBAoEi0luBCLU%2BA4Re3WaD6nvJAAUBAVBER0ZSQgAABgEBAlNRNldKTzBHTlVKR0ZVOExIVlYAA34AAAAEAAAIRlRMQVVPVjZTTEIwNzFTVk5VOQAJUE9aMkhDUEJUNjBEU0RKOFVBNwAKAAsBbm9uZQACbm9uZQADAQQBAAIjMDAwMDAwAAPIAQAFAQECIzAwMDAwMAADyAEAAAACCAA%3D	markers in reference data on Allen Brain Cell Atlas
http://purl.obolibrary.org/obo/PCL_0160911	Endo	NCBIGene:5175	PECAM1	Primate	DHBA:10332	SO:0001260			CAS evidence				Endo	Subclass	https://dev-knowledge.brain-map.org/abcatlas#AQQBTlhKOU5aQVFBNU1FSFFOT1dKUQACVEdCUTJGRVYyN04wQ1BMS1ZBWgADBQFFM0hHQllIUkM5OEdBNkZXOUY2AAIAAAEzWEJPRkJSMzAyRVlDMFVRRDUxAAIAAAFTUTZXSk8wR05VSkdGVThMSFZWAAIBRW5kbwAAAUhLMTRPMUFTQU5QWUhPTkZMTFEAAgAAATZFV0JTRUo0WUZWR0tJMkFQQkwAAgAABAEAAoTKRZmEflaGA4UMcv6FPFxFBFdNUDhOTUo1RDhYTzFBT0kxTDkABYNsbzGCNuJBg8AJxIM4AlIABQEBUEVDQU0xAAAGAQECU1E2V0pPMEdOVUpHRlU4TEhWVgADfgAAAAQAAAhJQTZZNlNON1FaU0lFSjBGWjBVAAlQT1oySENQQlQ2MERTREo4VUE3AAoACwE3NDE2QjVYSkRTWTBIREY5M1JPAAJDUkVIUkNLMllYUldKSzJKMEFMAAMBBAEAAiMwMDAwMDAAA8gBAAUBAQIjMDAwMDAwAAPIAQAAAAFWTTRFNko5RFBZWUQ3RTBCSE5CAAJLR1pMQVdJUENSNFc5OEY1TEQ2AAMFAUUzSEdCWUhSQzk4R0E2Rlc5RjYAAgAAATNYQk9GQlIzMDJFWUMwVVFENTEAAgAAAVNRNldKTzBHTlVKR0ZVOExIVlYAAgFFbmRvAAABSEsxNE8xQVNBTlBZSE9ORkxMUQACAAABNkVXQlNFSjRZRlZHS0kyQVBCTAACAAAEAQAChf5ZiIWO1x8DhgqmToX0nKoEV01QOE5NSjVEOFhPMUFPSTFMOQAFhBTEFoOMxVKEYmm%2FhLTnSwYABwAABQEBUEVDQU0xAAAGAQECU1E2V0pPMEdOVUpHRlU4TEhWVgADfgAAAAQAAAg5QVVURTlTMTBLQUVDMlVaTzMxAAlQT1oySENQQlQ2MERTREo4VUE3AAoACwFZM1AxSk0xRU5DR1dFVzhVU1RWAAJDUkVIUkNLMllYUldKSzJKMEFMAAMBBAEAAiMwMDAwMDAAA8gBAAUBAQIjMDAwMDAwAAPIAQAAAAEzQ1BJUDI4MDRTQkRYMURYMVJXAAJTNUtRVEZIQ1JLSFZaVlJSNUhSAAMFAUUzSEdCWUhSQzk4R0E2Rlc5RjYAAgAAATNYQk9GQlIzMDJFWUMwVVFENTEAAgAAAVNRNldKTzBHTlVKR0ZVOExIVlYAAgFFbmRvAAABSEsxNE8xQVNBTlBZSE9ORkxMUQACAAABNkVXQlNFSjRZRlZHS0kyQVBCTAACAAAEAQAChebihoaWQSADh2hhMoagk4YEV01QOE5NSjVEOFhPMUFPSTFMOQAFgdih64S2EZmE2pRdhQKGhgYABwAABQEBUEVDQU0xAAAGAQECU1E2V0pPMEdOVUpHRlU4TEhWVgADfgAAAAQAAAhIWkVZWFNRT0VETkQyUTZNOTdNAAlQT1oySENQQlQ2MERTREo4VUE3AAoACwE2VDk2MjYwMTI2VFY0S0xHRFhHAAJDUkVIUkNLMllYUldKSzJKMEFMAAMBBAEAAiMwMDAwMDAAA8gBAAUBAQIjMDAwMDAwAAPIAQAAAAFFSVVBTFBZTkdaNVZVN1kyWTAyAAJRWlEyUUJNVTRUNUk0N0QxSzRGAAMFAUUzSEdCWUhSQzk4R0E2Rlc5RjYAAgAAATNYQk9GQlIzMDJFWUMwVVFENTEAAgAAAVNRNldKTzBHTlVKR0ZVOExIVlYAAgFFbmRvAAABSEsxNE8xQVNBTlBZSE9ORkxMUQACAAABNkVXQlNFSjRZRlZHS0kyQVBCTAACAAAEAQECgSLSW4EItT4DhF7dZoPqe8kABQEBUEVDQU0xAAAGAQECU1E2V0pPMEdOVUpHRlU4TEhWVgADfgAAAAQAAAhGVExBVU9WNlNMQjA3MVNWTlU5AAlQT1oySENQQlQ2MERTREo4VUE3AAoACwFub25lAAJub25lAAMBBAEAAiMwMDAwMDAAA8gBAAUBAQIjMDAwMDAwAAPIAQAAAAIIAA%3D%3D	markers in reference data on Allen Brain Cell Atlas
